Site,Cov,BLK,Col,Row,TROR,TRCY,NO_GRASS,NO_FORB,NO_FOCAL,FOCAL_GERM,CHANGED_FOCAL,NOTES,fitness,Germination
PJ,SUN,1,1,1,8,0,0,0,1,Y,0,,12,Yes
PJ,SUN,1,1,2,0,0,0,0,0,N,0,,0,No
PJ,SUN,1,1,3,0,15,0,0,1,Y,0,,30,Yes
PJ,SUN,1,1,4,0,0,0,0,1,Y,0,,49,Yes
PJ,SUN,1,1,5,0,3,0,0,1,Y,0,,6,Yes
PJ,SUN,1,1,6,1,0,1,1,1,Y,0,,35,Yes
PJ,SUN,1,1,7,0,0,0,0,0,N,0,,0,No
PJ,SUN,1,1,8,0,21,0,0,1,Y,0,,4,Yes
PJ,SUN,1,2,1,5,0,0,1,1,Y,0,,8,Yes
PJ,SUN,1,2,2,0,20,0,0,1,Y,0,,10,Yes
PJ,SUN,1,2,3,0,0,0,0,0,N,0,,0,No
PJ,SUN,1,2,4,5,0,0,0,1,Y,0,,29,Yes
PJ,SUN,1,2,5,0,16,0,2,1,Y,0,,12,Yes
PJ,SUN,1,2,6,0,0,0,2,2,Y,0,,38,Yes
PJ,SUN,1,2,7,0,7,0,0,1,Y,0,,20,Yes
PJ,SUN,1,2,8,0,0,0,0,1,Y,0,,0,No
PJ,SUN,1,3,1,2,0,0,4,1,Y,0,,30,Yes
PJ,SUN,1,3,2,1,0,0,4,1,Y,0,,15,Yes
PJ,SUN,1,3,3,0,22,0,0,1,Y,0,,24,Yes
PJ,SUN,1,3,4,0,23,0,0,1,Y,0,,26,Yes
PJ,SUN,1,3,5,0,0,0,0,2,Y,0,,27,Yes
PJ,SUN,1,3,6,0,0,0,0,0,N,0,,0,No
PJ,SUN,1,3,7,11,0,0,3,1,Y,0,,23,Yes
PJ,SUN,1,3,8,0,8,0,0,1,Y,0,,6,Yes
PJ,SUN,1,4,1,0,0,0,0,1,Y,0,,41,Yes
PJ,SUN,1,4,2,0,0,0,0,0,N,0,,0,No
PJ,SUN,1,4,3,0,0,0,0,1,Y,0,,20,Yes
PJ,SUN,1,4,4,0,0,0,0,1,Y,0,,15,Yes
PJ,SUN,1,4,5,3,0,0,0,1,Y,0,,36,Yes
PJ,SUN,1,4,6,0,25,0,0,1,Y,0,,8,Yes
PJ,SUN,1,4,7,0,0,0,0,1,Y,0,,16,Yes
PJ,SUN,1,4,8,0,9,0,0,1,Y,0,,5,Yes
PJ,SUN,1,5,1,0,28,0,0,1,Y,0,,18,Yes
PJ,SUN,1,5,2,0,18,1,0,1,Y,0,,14,Yes
PJ,SUN,1,5,3,0,0,0,0,1,Y,0,,20,Yes
PJ,SUN,1,5,4,0,0,0,0,1,Y,0,,12,Yes
PJ,SUN,1,5,5,0,0,1,0,2,Y,0,,27,Yes
PJ,SUN,1,5,6,0,0,0,0,0,N,0,,0,No
PJ,SUN,1,5,7,0,0,0,0,0,N,0,,23,Yes
PJ,SUN,1,5,8,0,0,0,0,0,N,0,,0,No
PJ,SUN,1,6,1,0,21,0,0,1,Y,0,,17,Yes
PJ,SUN,1,6,2,0,0,0,0,0,N,0,,32,Yes
PJ,SUN,1,6,3,1,0,0,0,1,Y,0,,9,Yes
PJ,SUN,1,6,4,0,0,0,0,0,N,0,,0,No
PJ,SUN,1,6,5,0,25,0,0,1,Y,0,,10,Yes
PJ,SUN,1,6,6,5,0,0,0,2,Y,0,,33,Yes
PJ,SUN,1,6,7,0,18,0,0,1,Y,0,,13,Yes
PJ,SUN,1,6,8,0,0,0,0,0,N,0,,0,No
PJ,SUN,1,7,1,0,0,0,0,0,N,0,,8,Yes
PJ,SUN,1,7,2,0,0,0,0,0,N,0,,0,No
PJ,SUN,1,7,3,1,0,0,0,1,Y,0,,0,No
PJ,SUN,1,7,4,0,0,0,0,0,N,0,,0,No
PJ,SUN,1,7,5,0,0,0,0,0,N,0,,0,No
PJ,SUN,1,7,6,0,28,0,0,1,Y,0,,4,Yes
PJ,SUN,1,7,7,0,15,0,0,1,Y,0,,12,Yes
PJ,SUN,1,7,8,0,0,0,0,0,N,0,,0,No
PJ,SUN,1,8,1,0,0,0,0,0,N,0,,0,No
PJ,SUN,1,8,2,0,0,0,0,1,Y,0,,25,Yes
PJ,SUN,1,8,3,0,0,0,0,0,N,0,,0,No
PJ,SUN,1,8,4,0,0,0,0,1,Y,0,,84,Yes
PJ,SUN,1,8,5,0,16,0,0,1,Y,0,,16,Yes
PJ,SUN,1,8,6,3,0,0,0,1,Y,0,,5,Yes
PJ,SUN,1,8,7,0,0,0,0,0,N,0,,0,No
PJ,SUN,1,8,8,0,19,0,0,1,Y,0,,19,Yes
PJ,SUN,1,9,1,0,25,0,1,1,Y,0,,7,Yes
PJ,SUN,1,9,2,7,0,0,0,1,Y,0,,22,Yes
PJ,SUN,1,9,3,0,3,0,0,1,Y,0,,39,Yes
PJ,SUN,1,9,4,0,0,0,0,1,Y,0,,36,Yes
PJ,SUN,1,9,5,0,0,0,0,0,N,0,,0,No
PJ,SUN,1,9,6,0,0,0,0,1,Y,0,,21,Yes
PJ,SUN,1,9,7,0,25,0,0,1,Y,0,,12,Yes
PJ,SUN,1,9,8,0,0,0,0,1,Y,0,,6,Yes
PJ,SUN,1,10,1,0,17,0,0,1,Y,0,,28,Yes
PJ,SUN,1,10,2,0,0,0,0,1,Y,0,,6,Yes
PJ,SUN,1,10,3,0,0,0,0,2,Y,0,,22,Yes
PJ,SUN,1,10,4,0,0,0,0,0,N,0,,12,Yes
PJ,SUN,1,10,5,0,0,0,0,0,N,0,,0,No
PJ,SUN,1,10,6,1,0,0,0,1,Y,0,,6,Yes
PJ,SUN,1,10,7,0,9,0,0,1,Y,0,,6,Yes
PJ,SUN,1,10,8,0,0,0,0,0,N,0,NOTHING WRITTEN CHECK,0,No
PJ,SUN,2,1,1,5,0,0,0,1,Y,0,,51,Yes
PJ,SUN,2,1,2,0,26,0,0,1,Y,0,,19,Yes
PJ,SUN,2,1,3,0,0,0,0,1,Y,0,,0,No
PJ,SUN,2,1,4,0,22,0,0,1,Y,0,,6,Yes
PJ,SUN,2,1,5,4,0,0,0,2,Y,0,,45,Yes
PJ,SUN,2,1,6,0,0,0,0,1,Y,0,,46,Yes
PJ,SUN,2,1,7,0,10,0,0,1,Y,0,,9,Yes
PJ,SUN,2,1,8,3,0,0,0,1,Y,0,,27,Yes
PJ,SUN,2,2,1,0,0,0,0,0,N,0,,0,No
PJ,SUN,2,2,2,1,0,0,2,1,Y,0,,14,Yes
PJ,SUN,2,2,3,0,18,0,0,1,Y,0,,7,Yes
PJ,SUN,2,2,4,7,0,0,0,1,Y,0,,18,Yes
PJ,SUN,2,2,5,0,26,0,0,1,Y,0,,6,Yes
PJ,SUN,2,2,6,0,0,0,0,0,N,0,,0,No
PJ,SUN,2,2,7,0,16,0,2,1,Y,0,,11,Yes
PJ,SUN,2,2,8,2,0,0,0,1,Y,0,,36,Yes
PJ,SUN,2,3,1,0,19,1,0,1,Y,0,,34,Yes
PJ,SUN,2,3,2,7,0,0,0,3,Y,0,,12,Yes
PJ,SUN,2,3,3,2,0,0,0,1,Y,0,,14,Yes
PJ,SUN,2,3,4,0,26,0,3,1,Y,0,,20,Yes
PJ,SUN,2,3,5,0,0,1,0,1,Y,0,,46,Yes
PJ,SUN,2,3,6,0,0,0,0,0,N,0,,0,No
PJ,SUN,2,3,7,0,0,0,0,0,N,0,,0,No
PJ,SUN,2,3,8,0,19,0,0,1,Y,0,,12,Yes
PJ,SUN,2,4,1,4,0,0,0,1,Y,0,,19,Yes
PJ,SUN,2,4,2,0,27,0,0,1,Y,0,,22,Yes
PJ,SUN,2,4,3,0,0,0,0,1,Y,0,,158,Yes
PJ,SUN,2,4,4,0,0,0,0,0,N,0,,0,No
PJ,SUN,2,4,5,0,6,0,0,1,Y,0,,46,Yes
PJ,SUN,2,4,6,1,0,0,1,1,Y,0,,52,Yes
PJ,SUN,2,4,7,0,24,0,0,1,Y,0,,6,Yes
PJ,SUN,2,4,8,10,0,0,0,1,Y,0,,14,Yes
PJ,SUN,2,5,1,13,0,0,0,3,Y,0,,36,Yes
PJ,SUN,2,5,2,0,5,0,0,1,Y,0,,20,Yes
PJ,SUN,2,5,3,0,0,0,0,0,N,0,CHECK,43,Yes
PJ,SUN,2,5,4,0,32,0,0,1,Y,0,,10,Yes
PJ,SUN,2,5,5,0,6,0,0,1,Y,0,,241,Yes
PJ,SUN,2,5,6,0,0,0,0,1,Y,0,,14,Yes
PJ,SUN,2,5,7,0,0,0,0,1,Y,0,,84,Yes
PJ,SUN,2,5,8,0,0,0,0,1,Y,0,,50,Yes
PJ,SUN,2,6,1,0,0,0,0,1,Y,0,,30,Yes
PJ,SUN,2,6,2,0,21,0,0,1,Y,0,,0,No
PJ,SUN,2,6,3,7,0,0,0,1,Y,0,,15,Yes
PJ,SUN,2,6,4,0,8,0,0,1,Y,0,,107,Yes
PJ,SUN,2,6,5,1,0,1,1,1,Y,0,,11,Yes
PJ,SUN,2,6,6,0,0,0,0,0,N,0,,0,No
PJ,SUN,2,6,7,0,0,0,0,0,N,0,,0,No
PJ,SUN,2,6,8,0,9,0,0,1,Y,0,,25,Yes
PJ,SUN,2,7,1,0,27,0,0,1,Y,0,,0,No
PJ,SUN,2,7,2,2,0,0,0,1,Y,0,,110,Yes
PJ,SUN,2,7,3,0,10,0,0,1,Y,0,,125,Yes
PJ,SUN,2,7,4,10,0,0,0,1,Y,0,,27,Yes
PJ,SUN,2,7,5,0,11,0,0,1,Y,0,,20,Yes
PJ,SUN,2,7,6,0,0,0,0,1,Y,0,,63,Yes
PJ,SUN,2,7,7,0,0,0,0,0,N,0,,0,No
PJ,SUN,2,7,8,9,0,1,0,1,Y,0,DROPPED 1 SEED,52,Yes
PJ,SUN,2,8,1,0,25,0,0,1,Y,0,,18,Yes
PJ,SUN,2,8,2,8,0,0,0,2,Y,0,,135,Yes
PJ,SUN,2,8,3,15,0,0,0,1,Y,0,,0,No
PJ,SUN,2,8,4,0,0,0,0,1,Y,0,,172,Yes
PJ,SUN,2,8,5,0,20,0,1,1,Y,0,,37,Yes
PJ,SUN,2,8,6,0,0,0,0,1,Y,0,,29,Yes
PJ,SUN,2,8,7,0,15,0,1,1,Y,0,,67,Yes
PJ,SUN,2,8,8,0,0,0,0,0,N,0,,0,No
PJ,SUN,2,9,1,0,10,0,0,1,Y,0,,50,Yes
PJ,SUN,2,9,2,0,25,0,1,1,Y,0,,6,Yes
PJ,SUN,2,9,3,0,0,0,0,1,Y,0,,161,Yes
PJ,SUN,2,9,4,0,0,0,0,1,Y,0,CHECK NO INFO,16,Yes
PJ,SUN,2,9,5,3,0,0,0,1,Y,0,,90,Yes
PJ,SUN,2,9,6,1,0,0,0,1,Y,0,,34,Yes
PJ,SUN,2,9,7,2,0,1,1,1,Y,0,,16,Yes
PJ,SUN,2,9,8,0,0,0,0,0,N,0,,0,No
PJ,SUN,2,10,1,0,33,0,0,1,Y,0,,53,Yes
PJ,SUN,2,10,2,0,55,0,1,1,Y,0,,26,Yes
PJ,SUN,2,10,3,0,1,0,1,1,Y,0,,35,Yes
PJ,SUN,2,10,4,0,0,0,0,1,Y,0,,50,Yes
PJ,SUN,2,10,5,0,0,0,0,0,N,0,,0,No
PJ,SUN,2,10,6,2,0,0,0,1,Y,0,,17,Yes
PJ,SUN,2,10,7,1,0,0,0,1,Y,0,,12,Yes
PJ,SUN,2,10,8,0,0,0,0,0,N,0,,0,No
PJ,SHADE,1,1,1,0,3,0,0,3,Y,0,,0,No
PJ,SHADE,1,1,2,0,0,0,0,0,N,0,,0,No
PJ,SHADE,1,1,3,14,0,0,2,1,Y,0,,0,No
PJ,SHADE,1,1,4,0,0,0,0,0,N,0,,0,No
PJ,SHADE,1,1,5,0,0,0,0,0,N,0,,0,No
PJ,SHADE,1,1,6,3,0,0,0,1,Y,0,,0,No
PJ,SHADE,1,1,7,0,8,0,0,1,Y,0,,0,No
PJ,SHADE,1,1,8,0,4,0,0,1,Y,0,,0,No
PJ,SHADE,1,2,1,0,0,0,0,0,N,0,,0,No
PJ,SHADE,1,2,2,0,33,0,0,1,Y,0,,0,No
PJ,SHADE,1,2,3,7,0,0,2,3,Y,0,,0,No
PJ,SHADE,1,2,4,0,0,0,0,0,N,0,,0,No
PJ,SHADE,1,2,5,0,0,0,0,0,N,0,,0,No
PJ,SHADE,1,2,6,0,6,0,0,1,Y,0,,0,No
PJ,SHADE,1,2,7,0,0,0,0,1,Y,0,,0,No
PJ,SHADE,1,2,8,5,0,0,1,1,Y,0,,0,No
PJ,SHADE,1,3,1,3,0,0,0,1,Y,0,,0,No
PJ,SHADE,1,3,2,0,0,0,0,1,Y,0,,0,No
PJ,SHADE,1,3,3,0,44,0,0,1,Y,0,,0,No
PJ,SHADE,1,3,4,0,26,0,0,1,Y,0,,0,No
PJ,SHADE,1,3,5,18,0,0,1,1,Y,0,,0,No
PJ,SHADE,1,3,6,12,0,0,1,3,Y,0,,0,No
PJ,SHADE,1,3,7,0,0,0,0,1,Y,0,,0,No
PJ,SHADE,1,3,8,0,37,0,1,1,Y,0,,0,No
PJ,SHADE,1,4,1,1,0,0,0,1,Y,0,,0,No
PJ,SHADE,1,4,2,0,0,0,0,1,Y,0,,0,No
PJ,SHADE,1,4,3,0,23,0,0,1,Y,0,,0,No
PJ,SHADE,1,4,4,0,0,0,0,1,Y,0,,0,No
PJ,SHADE,1,4,5,14,0,0,0,1,Y,0,,0,No
PJ,SHADE,1,4,6,0,25,0,0,1,Y,0,,0,No
PJ,SHADE,1,4,7,12,0,0,1,1,Y,0,,0,No
PJ,SHADE,1,4,8,0,49,0,0,1,Y,0,,0,No
PJ,SHADE,1,5,1,1,0,0,0,1,Y,0,,0,No
PJ,SHADE,1,5,2,0,0,0,0,0,N,0,,0,No
PJ,SHADE,1,5,3,0,0,0,0,3,Y,0,,0,No
PJ,SHADE,1,5,4,0,0,0,0,1,Y,0,,0,No
PJ,SHADE,1,5,5,0,34,0,0,1,Y,0,,0,No
PJ,SHADE,1,5,6,0,43,0,2,1,Y,0,,0,No
PJ,SHADE,1,5,7,19,0,0,1,1,Y,0,,0,No
PJ,SHADE,1,5,8,0,0,0,0,1,Y,0,,0,No
PJ,SHADE,1,6,1,0,32,0,0,1,Y,0,,0,No
PJ,SHADE,1,6,2,0,48,0,0,1,Y,0,,0,No
PJ,SHADE,1,6,3,28,0,0,0,1,Y,0,,0,No
PJ,SHADE,1,6,4,0,0,0,0,1,Y,0,,0,No
PJ,SHADE,1,6,5,0,8,0,0,1,Y,0,,0,No
PJ,SHADE,1,6,6,0,0,0,0,1,Y,0,,0,No
PJ,SHADE,1,6,7,26,0,0,0,1,Y,0,,0,No
PJ,SHADE,1,6,8,0,2,0,0,1,Y,0,,0,No
PJ,SHADE,1,7,1,0,12,0,0,1,Y,0,,0,No
PJ,SHADE,1,7,2,10,0,0,6,1,Y,0,,0,No
PJ,SHADE,1,7,3,0,46,0,0,1,Y,0,,0,No
PJ,SHADE,1,7,4,0,0,0,0,0,N,0,,0,No
PJ,SHADE,1,7,5,0,0,0,0,1,Y,0,,0,No
PJ,SHADE,1,7,6,25,0,0,0,1,Y,0,,0,No
PJ,SHADE,1,7,7,0,71,0,0,1,Y,0,,0,No
PJ,SHADE,1,7,8,20,0,0,0,1,Y,0,,0,No
PJ,SHADE,1,8,1,0,0,0,0,1,Y,0,,0,No
PJ,SHADE,1,8,2,10,0,0,0,1,Y,0,,0,No
PJ,SHADE,1,8,3,14,0,0,5,1,Y,0,,0,No
PJ,SHADE,1,8,4,0,38,0,0,1,Y,0,,0,No
PJ,SHADE,1,8,5,0,30,0,0,1,Y,0,,0,No
PJ,SHADE,1,8,6,16,0,0,0,1,Y,0,,0,No
PJ,SHADE,1,8,7,0,0,0,0,1,Y,0,,0,No
PJ,SHADE,1,8,8,0,59,0,0,1,Y,0,,0,No
PJ,SHADE,1,9,1,22,0,0,0,1,Y,0,,0,No
PJ,SHADE,1,9,2,0,53,0,0,1,Y,0,,0,No
PJ,SHADE,1,9,3,14,0,0,3,1,Y,0,,0,No
PJ,SHADE,1,9,4,0,29,0,0,1,Y,0,,0,No
PJ,SHADE,1,9,5,0,61,0,0,1,Y,0,,0,No
PJ,SHADE,1,9,6,0,0,0,0,2,Y,0,,0,No
PJ,SHADE,1,9,7,36,0,0,0,1,Y,0,,0,No
PJ,SHADE,1,9,8,0,0,0,0,1,Y,0,,0,No
PJ,SHADE,1,10,1,0,34,0,0,1,Y,0,,0,No
PJ,SHADE,1,10,2,19,0,0,0,1,Y,0,,0,No
PJ,SHADE,1,10,3,0,40,0,0,1,Y,0,,0,No
PJ,SHADE,1,10,4,0,0,0,0,1,Y,0,,0,No
PJ,SHADE,1,10,5,0,41,0,0,1,Y,0,,0,No
PJ,SHADE,1,10,6,26,0,0,1,1,Y,0,,0,No
PJ,SHADE,1,10,7,0,0,0,0,1,Y,0,,0,No
PJ,SHADE,1,10,8,0,0,0,0,0,N,0,,0,No
PJ,SHADE,2,1,1,21,0,0,0,5,Y,0,,0,No
PJ,SHADE,2,1,2,0,37,1,0,1,Y,0,,0,No
PJ,SHADE,2,1,3,1,0,1,0,1,Y,0,,0,No
PJ,SHADE,2,1,4,0,36,0,0,1,Y,0,,0,No
PJ,SHADE,2,1,5,18,0,0,0,9,Y,0,,0,No
PJ,SHADE,2,1,6,31,0,0,2,1,Y,0,,0,No
PJ,SHADE,2,1,7,0,1,0,1,1,Y,0,,0,No
PJ,SHADE,2,1,8,0,40,0,0,1,Y,0,,0,No
PJ,SHADE,2,2,1,0,1,2,0,1,Y,0,,0,No
PJ,SHADE,2,2,2,22,0,5,0,1,Y,0,,0,No
PJ,SHADE,2,2,3,0,32,0,0,2,Y,0,,0,No
PJ,SHADE,2,2,4,0,49,0,0,1,Y,0,,0,No
PJ,SHADE,2,2,5,26,0,0,0,1,Y,0,,0,No
PJ,SHADE,2,2,6,25,0,0,0,9,Y,0,,0,No
PJ,SHADE,2,2,7,0,0,0,0,1,Y,0,,0,No
PJ,SHADE,2,2,8,0,30,1,0,1,Y,0,,0,No
PJ,SHADE,2,3,1,33,0,0,0,8,Y,0,,0,No
PJ,SHADE,2,3,2,0,0,0,0,0,N,0,,0,No
PJ,SHADE,2,3,3,0,1,1,1,1,Y,0,,0,No
PJ,SHADE,2,3,4,22,0,1,1,1,Y,0,,0,No
PJ,SHADE,2,3,5,23,0,1,1,1,Y,0,,0,No
PJ,SHADE,2,3,6,0,48,1,1,1,Y,0,,0,No
PJ,SHADE,2,3,7,0,38,0,1,5,Y,0,,0,No
PJ,SHADE,2,3,8,0,23,0,0,1,Y,0,,0,No
PJ,SHADE,2,4,1,0,0,0,0,1,Y,0,,0,No
PJ,SHADE,2,4,2,0,0,1,1,1,Y,0,,0,No
PJ,SHADE,2,4,3,27,0,1,1,1,Y,0,,0,No
PJ,SHADE,2,4,4,0,47,0,0,1,Y,0,,0,No
PJ,SHADE,2,4,5,0,45,0,0,1,Y,0,,0,No
PJ,SHADE,2,4,6,35,0,0,0,9,Y,0,,0,No
PJ,SHADE,2,4,7,0,41,2,0,1,Y,0,,0,No
PJ,SHADE,2,4,8,33,0,0,1,14,Y,0,,0,No
PJ,SHADE,2,5,1,0,42,6,1,1,Y,0,,0,No
PJ,SHADE,2,5,2,0,1,8,0,1,Y,0,,0,No
PJ,SHADE,2,5,3,0,0,0,1,2,Y,0,,0,No
PJ,SHADE,2,5,4,0,32,0,0,1,Y,0,,0,No
PJ,SHADE,2,5,5,0,44,0,0,1,Y,0,,0,No
PJ,SHADE,2,5,6,23,0,0,0,9,Y,0,,0,No
PJ,SHADE,2,5,7,28,0,0,2,1,Y,0,,0,No
PJ,SHADE,2,5,8,24,0,0,0,1,Y,0,,0,No
PJ,SHADE,2,6,1,17,0,0,2,1,Y,0,,0,No
PJ,SHADE,2,6,2,27,0,10,1,2,Y,0,,0,No
PJ,SHADE,2,6,3,0,0,0,0,0,N,0,,0,No
PJ,SHADE,2,6,4,0,39,0,6,1,Y,0,,0,No
PJ,SHADE,2,6,5,0,50,0,0,1,Y,0,,0,No
PJ,SHADE,2,6,6,16,0,0,0,16,Y,0,,0,No
PJ,SHADE,2,6,7,0,0,0,0,1,Y,0,,0,No
PJ,SHADE,2,6,8,0,60,0,0,1,Y,0,,0,No
PJ,SHADE,2,7,1,0,42,2,0,1,Y,0,,0,No
PJ,SHADE,2,7,2,14,0,0,0,2,Y,0,,0,No
PJ,SHADE,2,7,3,16,0,0,0,1,Y,0,,0,No
PJ,SHADE,2,7,4,0,43,0,0,1,Y,0,,0,No
PJ,SHADE,2,7,5,15,0,0,0,2,Y,0,,0,No
PJ,SHADE,2,7,6,0,0,0,0,1,Y,0,,0,No
PJ,SHADE,2,7,7,0,55,0,0,1,Y,0,,0,No
PJ,SHADE,2,7,8,0,0,0,0,1,Y,0,3 boken stems of focal,0,No
PJ,SHADE,2,8,1,0,0,0,0,1,Y,0,,0,No
PJ,SHADE,2,8,2,0,64,0,0,1,Y,0,,0,No
PJ,SHADE,2,8,3,0,0,0,0,2,Y,0,,0,No
PJ,SHADE,2,8,4,32,0,0,0,1,Y,0,,0,No
PJ,SHADE,2,8,5,0,63,0,0,1,Y,0,,0,No
PJ,SHADE,2,8,6,14,0,0,0,1,Y,0,,0,No
PJ,SHADE,2,8,7,0,68,0,0,1,Y,0,,0,No
PJ,SHADE,2,8,8,26,0,0,0,1,Y,0,,0,No
PJ,SHADE,2,9,1,0,41,1,0,1,Y,0,,0,No
PJ,SHADE,2,9,2,0,52,0,0,1,Y,0,,0,No
PJ,SHADE,2,9,3,0,0,0,0,2,Y,0,,0,No
PJ,SHADE,2,9,4,0,64,0,0,1,Y,0,,0,No
PJ,SHADE,2,9,5,15,0,0,0,1,Y,0,broken stems,0,No
PJ,SHADE,2,9,6,21,0,0,0,1,Y,0,,0,No
PJ,SHADE,2,9,7,0,0,0,0,1,Y,0,,0,No
PJ,SHADE,2,9,8,38,0,0,0,1,Y,0,,0,No
PJ,SHADE,2,10,1,0,0,0,4,1,Y,0,,0,No
PJ,SHADE,2,10,2,32,0,0,0,1,Y,0,,0,No
PJ,SHADE,2,10,3,0,50,0,0,1,Y,0,,0,No
PJ,SHADE,2,10,4,0,56,0,0,1,Y,0,,0,No
PJ,SHADE,2,10,5,19,0,1,0,9,Y,0,,0,No
PJ,SHADE,2,10,6,0,0,0,0,1,Y,0,,0,No
PJ,SHADE,2,10,7,27,0,0,0,3,Y,0,,0,No
PJ,SHADE,2,10,8,0,64,0,0,1,Y,0,,0,No
PJ,SHADE,3,1,1,0,16,0,0,1,Y,0,,0,No
PJ,SHADE,3,1,2,0,0,0,0,0,N,0,NOTHING WRITTEN CHECK,0,No
PJ,SHADE,3,1,3,0,0,0,0,0,N,0,NOTHING WRITTEN CHECK,0,No
PJ,SHADE,3,1,4,0,0,0,0,1,Y,0,,0,No
PJ,SHADE,3,1,5,0,9,0,0,1,Y,0,,0,No
PJ,SHADE,3,1,6,0,3,0,1,1,Y,0,,0,No
PJ,SHADE,3,1,7,0,0,0,0,0,N,0,,0,No
PJ,SHADE,3,1,8,3,0,0,4,1,Y,0,,0,No
PJ,SHADE,3,2,1,0,0,0,0,1,Y,0,,0,No
PJ,SHADE,3,2,2,0,8,0,0,1,Y,0,,0,No
PJ,SHADE,3,2,3,0,8,0,0,1,Y,0,,0,No
PJ,SHADE,3,2,4,0,11,0,0,1,Y,0,,0,No
PJ,SHADE,3,2,5,0,0,0,0,0,N,0,NOTHING WRITTEN CHECK,0,No
PJ,SHADE,3,2,6,0,0,0,0,0,N,0,NOTHING WRITTEN CHECK,0,No
PJ,SHADE,3,2,7,1,0,0,1,1,Y,0,,0,No
PJ,SHADE,3,2,8,2,0,0,1,1,Y,0,,0,No
PJ,SHADE,3,3,1,0,10,0,0,1,Y,0,,0,No
PJ,SHADE,3,3,2,0,0,0,0,1,Y,0,,0,No
PJ,SHADE,3,3,3,0,0,0,0,0,N,0,NOTHING WRITTEN CHECK,0,No
PJ,SHADE,3,3,4,0,0,0,0,1,Y,0,,0,No
PJ,SHADE,3,3,5,3,0,0,1,1,Y,0,,0,No
PJ,SHADE,3,3,6,0,52,0,0,1,Y,0,,0,No
PJ,SHADE,3,3,7,1,0,0,2,1,Y,0,,0,No
PJ,SHADE,3,3,8,0,0,0,0,0,N,0,,0,No
PJ,SHADE,3,4,1,0,0,0,0,0,N,0,,0,No
PJ,SHADE,3,4,2,3,0,0,0,0,Y,0,,0,No
PJ,SHADE,3,4,3,0,0,0,0,0,N,0,,0,No
PJ,SHADE,3,4,4,0,8,0,0,0,Y,0,,0,No
PJ,SHADE,3,4,5,5,0,0,0,0,Y,0,,0,No
PJ,SHADE,3,4,6,0,54,0,0,0,Y,0,,0,No
PJ,SHADE,3,4,7,2,0,0,0,0,Y,0,,0,No
PJ,SHADE,3,4,8,0,0,0,0,0,N,0,,0,No
PJ,SHADE,3,5,1,0,0,0,0,1,Y,0,,0,No
PJ,SHADE,3,5,2,0,0,0,0,1,Y,0,,0,No
PJ,SHADE,3,5,3,0,42,0,0,1,Y,0,,0,No
PJ,SHADE,3,5,4,7,0,0,1,1,Y,0,,0,No
PJ,SHADE,3,5,5,0,0,0,0,0,N,0,,0,No
PJ,SHADE,3,5,6,0,0,0,0,0,N,0,,0,No
PJ,SHADE,3,5,7,0,10,0,1,1,Y,0,,0,No
PJ,SHADE,3,5,8,0,16,0,0,1,Y,0,,0,No
PJ,SHADE,3,6,1,3,0,0,0,1,Y,0,,0,No
PJ,SHADE,3,6,2,0,0,0,0,0,N,0,,0,No
PJ,SHADE,3,6,3,0,18,0,0,1,Y,0,,0,No
PJ,SHADE,3,6,4,0,0,0,0,1,Y,0,,0,No
PJ,SHADE,3,6,5,0,0,0,0,1,Y,0,,0,No
PJ,SHADE,3,6,6,0,0,0,0,1,Y,0,,0,No
PJ,SHADE,3,6,7,0,0,0,0,1,Y,0,,0,No
PJ,SHADE,3,6,8,0,3,0,0,1,Y,0,,0,No
PJ,SHADE,3,7,1,0,0,0,0,0,N,0,,0,No
PJ,SHADE,3,7,2,0,0,0,0,1,Y,0,,0,No
PJ,SHADE,3,7,3,0,0,0,0,1,Y,0,,0,No
PJ,SHADE,3,7,4,0,32,0,0,1,Y,0,,0,No
PJ,SHADE,3,7,5,0,0,0,0,0,N,0,,0,No
PJ,SHADE,3,7,6,0,0,0,0,0,N,0,,0,No
PJ,SHADE,3,7,7,0,0,0,0,0,N,0,,0,No
PJ,SHADE,3,7,8,0,0,0,0,1,Y,0,,0,No
PJ,SHADE,3,8,1,0,0,0,0,0,N,0,,0,No
PJ,SHADE,3,8,2,0,0,0,0,1,Y,0,,0,No
PJ,SHADE,3,8,3,0,23,0,0,1,Y,0,,0,No
PJ,SHADE,3,8,4,0,0,0,0,1,Y,0,,0,No
PJ,SHADE,3,8,5,0,0,0,0,0,N,0,,0,No
PJ,SHADE,3,8,6,1,0,0,0,1,Y,0,,0,No
PJ,SHADE,3,8,7,0,7,0,0,1,Y,0,,0,No
PJ,SHADE,3,8,8,0,5,0,0,1,Y,0,,0,No
PJ,SHADE,3,9,1,0,0,0,0,1,Y,0,,0,No
PJ,SHADE,3,9,2,0,0,0,0,0,N,0,,0,No
PJ,SHADE,3,9,3,0,0,0,0,0,N,0,,0,No
PJ,SHADE,3,9,4,1,0,0,0,1,Y,0,,0,No
PJ,SHADE,3,9,5,0,0,0,0,0,N,0,,0,No
PJ,SHADE,3,9,6,0,0,0,0,1,Y,0,,0,No
PJ,SHADE,3,9,7,0,0,0,0,0,N,0,,0,No
PJ,SHADE,3,9,8,0,2,0,0,1,Y,0,,0,No
PJ,SHADE,3,10,1,1,0,0,0,1,Y,0,,0,No
PJ,SHADE,3,10,2,0,0,0,0,0,N,0,,0,No
PJ,SHADE,3,10,3,0,0,0,0,0,N,0,,0,No
PJ,SHADE,3,10,4,1,0,0,0,1,Y,0,,0,No
PJ,SHADE,3,10,5,0,0,0,0,0,N,0,,0,No
PJ,SHADE,3,10,6,0,1,0,2,1,Y,0,,0,No
PJ,SHADE,3,10,7,0,0,0,0,0,N,0,,0,No
PJ,SHADE,3,10,8,0,2,0,0,1,Y,0,,0,No
PJ,SUN,3,1,1,0,6,0,0,1,Y,0,,8,Yes
PJ,SUN,3,1,2,0,0,0,0,1,Y,0,,0,No
PJ,SUN,3,1,3,2,0,0,1,1,Y,0,,12,Yes
PJ,SUN,3,1,4,0,0,0,0,0,N,0,,26,Yes
PJ,SUN,3,1,5,4,0,0,1,1,Y,0,,14,Yes
PJ,SUN,3,1,6,0,17,0,0,1,Y,0,,13,Yes
PJ,SUN,3,1,7,2,0,0,0,1,Y,0,,59,Yes
PJ,SUN,3,1,8,0,2,0,0,1,Y,0,,19,Yes
PJ,SUN,3,2,1,5,0,0,1,1,Y,0,,16,Yes
PJ,SUN,3,2,2,0,0,0,0,0,N,0,,0,No
PJ,SUN,3,2,3,7,0,0,3,1,Y,0,,15,Yes
PJ,SUN,3,2,4,1,0,0,0,1,Y,0,,6,Yes
PJ,SUN,3,2,5,0,3,0,0,1,Y,0,,5,Yes
PJ,SUN,3,2,6,0,0,0,0,0,N,0,,0,No
PJ,SUN,3,2,7,0,0,0,0,0,N,0,,0,No
PJ,SUN,3,2,8,0,0,0,0,0,N,0,,35,Yes
PJ,SUN,3,3,1,0,12,0,1,1,Y,0,,8,Yes
PJ,SUN,3,3,2,1,0,0,1,1,Y,0,,13,Yes
PJ,SUN,3,3,3,0,0,0,0,1,Y,0,,10,Yes
PJ,SUN,3,3,4,0,37,0,0,1,Y,0,,8,Yes
PJ,SUN,3,3,5,0,7,0,0,1,Y,0,,16,Yes
PJ,SUN,3,3,6,0,0,0,0,1,Y,0,,8,Yes
PJ,SUN,3,3,7,0,0,0,0,0,N,0,,0,No
PJ,SUN,3,3,8,0,0,0,0,0,N,0,,0,No
PJ,SUN,3,4,1,0,0,0,0,0,N,0,,0,No
PJ,SUN,3,4,2,1,0,0,0,1,Y,0,,4,Yes
PJ,SUN,3,4,3,0,2,0,1,1,Y,0,,8,Yes
PJ,SUN,3,4,4,2,0,0,0,1,Y,0,,4,Yes
PJ,SUN,3,4,5,0,13,0,0,1,Y,0,,7,Yes
PJ,SUN,3,4,6,0,0,0,0,0,N,0,,0,No
PJ,SUN,3,4,7,0,18,0,0,1,Y,0,,12,Yes
PJ,SUN,3,4,8,0,0,0,0,0,N,0,,0,No
PJ,SUN,3,5,1,0,7,0,3,1,Y,0,,6,Yes
PJ,SUN,3,5,2,4,0,1,0,1,Y,0,,6,Yes
PJ,SUN,3,5,3,0,22,0,0,1,Y,0,,19,Yes
PJ,SUN,3,5,4,6,0,0,0,1,Y,0,,10,Yes
PJ,SUN,3,5,5,0,3,0,0,1,Y,0,,5,Yes
PJ,SUN,3,5,6,0,0,0,0,1,Y,0,,0,No
PJ,SUN,3,5,7,6,0,1,0,1,Y,0,,13,Yes
PJ,SUN,3,5,8,0,0,0,0,1,Y,0,PILLOSA?,65,Yes
PJ,SUN,3,6,1,0,6,0,0,1,Y,0,,23,Yes
PJ,SUN,3,6,2,0,0,0,0,1,Y,0,,0,No
PJ,SUN,3,6,3,1,0,0,0,1,Y,0,,49,Yes
PJ,SUN,3,6,4,0,8,0,0,1,Y,0,,4,Yes
PJ,SUN,3,6,5,0,10,0,0,1,Y,0,,13,Yes
PJ,SUN,3,6,6,0,0,0,0,1,Y,0,,6,Yes
PJ,SUN,3,6,7,2,0,0,0,1,Y,0,,1,Yes
PJ,SUN,3,6,8,0,0,0,0,1,Y,0,,23,Yes
PJ,SUN,3,7,1,0,0,0,0,0,N,0,,0,No
PJ,SUN,3,7,2,0,4,0,0,1,Y,0,,4,Yes
PJ,SUN,3,7,3,0,1,0,0,1,Y,0,,36,Yes
PJ,SUN,3,7,4,0,2,0,0,1,Y,0,,17,Yes
PJ,SUN,3,7,5,5,0,0,1,1,Y,0,,25,Yes
PJ,SUN,3,7,6,1,0,0,0,1,Y,0,,28,Yes
PJ,SUN,3,7,7,4,0,0,0,1,Y,0,,22,Yes
PJ,SUN,3,7,8,0,0,0,0,1,Y,0,,19,Yes
PJ,SUN,3,8,1,0,1,0,0,1,Y,0,,12,Yes
PJ,SUN,3,8,2,0,12,0,0,1,Y,0,,6,Yes
PJ,SUN,3,8,3,0,4,0,0,1,Y,0,,11,Yes
PJ,SUN,3,8,4,0,0,0,0,1,Y,0,,6,Yes
PJ,SUN,3,8,5,0,0,0,0,0,N,0,,0,No
PJ,SUN,3,8,6,0,0,0,0,0,N,0,,0,No
PJ,SUN,3,8,7,0,0,0,0,0,N,0,,0,No
PJ,SUN,3,8,8,4,0,0,1,1,Y,0,,21,Yes
PJ,SUN,3,9,1,0,1,0,1,1,Y,0,,2,Yes
PJ,SUN,3,9,2,2,0,0,1,1,Y,0,,4,Yes
PJ,SUN,3,9,3,0,0,0,0,1,Y,0,,92,Yes
PJ,SUN,3,9,4,0,1,0,0,1,Y,0,,0,No
PJ,SUN,3,9,5,0,0,0,0,1,Y,0,,0,No
PJ,SUN,3,9,6,0,0,0,0,1,Y,0,,0,No
PJ,SUN,3,9,7,0,16,0,1,1,Y,0,,13,Yes
PJ,SUN,3,9,8,7,0,0,0,1,Y,0,,66,Yes
PJ,SUN,3,10,1,1,0,0,1,1,Y,0,,10,Yes
PJ,SUN,3,10,2,0,0,0,0,1,Y,0,,0,No
PJ,SUN,3,10,3,0,18,0,0,1,Y,0,,6,Yes
PJ,SUN,3,10,4,0,5,0,0,1,Y,0,,6,Yes
PJ,SUN,3,10,5,0,2,0,1,1,Y,0,,12,Yes
PJ,SUN,3,10,6,1,0,0,1,1,Y,0,,4,Yes
PJ,SUN,3,10,7,0,0,0,0,1,Y,0,,0,Yes
PJ,SUN,3,10,8,2,0,0,0,1,Y,0,,5,Yes
CS,SHADE,1,1,1,0,0,0,0,0,N,0,,0,No
CS,SHADE,1,1,2,0,0,0,0,0,N,0,,0,No
CS,SHADE,1,1,3,0,0,0,0,0,N,0,,0,No
CS,SHADE,1,1,4,0,0,0,0,0,N,0,,0,No
CS,SHADE,1,1,5,0,0,0,0,0,N,0,,0,No
CS,SHADE,1,1,6,0,0,0,0,0,N,0,,0,No
CS,SHADE,1,1,7,0,0,0,0,0,N,0,,0,No
CS,SHADE,1,1,8,0,4,0,0,1,Y,0,,0,No
CS,SHADE,1,2,1,1,0,0,0,1,Y,0,,0,No
CS,SHADE,1,2,2,0,0,0,0,0,N,0,,0,No
CS,SHADE,1,2,3,0,2,0,0,1,Y,0,,0,No
CS,SHADE,1,2,4,0,0,0,0,0,N,0,,0,No
CS,SHADE,1,2,5,0,0,0,0,0,N,0,,0,No
CS,SHADE,1,2,6,0,0,0,0,0,N,0,,0,No
CS,SHADE,1,2,7,0,0,1,0,1,Y,0,,0,No
CS,SHADE,1,2,8,0,0,0,0,0,N,0,,0,No
CS,SHADE,1,3,1,0,0,0,0,0,N,0,,0,No
CS,SHADE,1,3,2,0,0,0,0,0,N,0,,0,No
CS,SHADE,1,3,3,0,0,0,0,0,N,0,,0,No
CS,SHADE,1,3,4,0,0,0,0,0,N,0,,0,No
CS,SHADE,1,3,5,0,0,0,0,0,N,0,,0,No
CS,SHADE,1,3,6,0,0,0,0,0,N,0,,0,No
CS,SHADE,1,3,7,0,0,0,0,0,N,0,,0,No
CS,SHADE,1,3,8,0,0,0,0,0,N,0,,0,No
CS,SHADE,1,4,1,0,0,0,0,0,N,0,,0,No
CS,SHADE,1,4,2,0,2,0,1,1,Y,0,,0,No
CS,SHADE,1,4,3,0,0,0,0,0,N,0,,0,No
CS,SHADE,1,4,4,0,0,0,0,1,Y,0,,0,No
CS,SHADE,1,4,5,0,0,0,0,0,N,0,,0,No
CS,SHADE,1,4,6,0,0,0,0,0,N,0,,0,No
CS,SHADE,1,4,7,0,0,0,0,0,N,0,,0,No
CS,SHADE,1,4,8,0,1,0,0,1,Y,0,,0,No
CS,SHADE,1,5,1,0,0,0,0,0,N,0,,0,No
CS,SHADE,1,5,2,0,0,0,0,0,N,0,,0,No
CS,SHADE,1,5,3,0,0,0,0,0,N,0,,0,No
CS,SHADE,1,5,4,0,0,0,0,0,N,0,,0,No
CS,SHADE,1,5,5,0,0,0,0,0,N,0,,0,No
CS,SHADE,1,5,6,0,0,0,0,0,N,0,,0,No
CS,SHADE,1,5,7,0,0,0,0,0,N,0,,0,No
CS,SHADE,1,5,8,0,0,0,0,0,N,0,,0,No
CS,SHADE,1,6,1,0,0,0,0,0,N,0,,0,No
CS,SHADE,1,6,2,0,0,0,0,0,N,0,,0,No
CS,SHADE,1,6,3,0,0,0,0,0,N,0,,0,No
CS,SHADE,1,6,4,0,0,0,0,0,N,0,,0,No
CS,SHADE,1,6,5,0,0,0,0,0,N,0,,0,No
CS,SHADE,1,6,6,0,0,0,0,0,N,0,,0,No
CS,SHADE,1,6,7,0,0,0,0,0,N,0,,0,No
CS,SHADE,1,6,8,0,0,0,0,0,N,0,,0,No
CS,SHADE,1,7,1,0,0,0,0,0,N,0,,0,No
CS,SHADE,1,7,2,0,0,0,0,0,N,0,,0,No
CS,SHADE,1,7,3,0,0,0,0,0,N,0,,0,No
CS,SHADE,1,7,4,0,0,0,0,0,N,0,,0,No
CS,SHADE,1,7,5,0,0,0,0,0,N,0,,0,No
CS,SHADE,1,7,6,0,0,0,0,0,N,0,,0,No
CS,SHADE,1,7,7,0,0,0,0,0,N,0,,0,No
CS,SHADE,1,7,8,0,0,0,0,0,N,0,,0,No
CS,SHADE,1,8,1,0,0,0,0,0,N,0,,0,No
CS,SHADE,1,8,2,0,0,0,0,0,N,0,,0,No
CS,SHADE,1,8,3,0,0,0,0,0,N,0,,0,No
CS,SHADE,1,8,4,0,0,0,0,0,N,0,,0,No
CS,SHADE,1,8,5,0,0,0,0,0,N,0,,0,No
CS,SHADE,1,8,6,0,0,0,0,0,N,0,,0,No
CS,SHADE,1,8,7,0,0,0,0,0,N,0,,0,No
CS,SHADE,1,8,8,0,0,0,0,0,N,0,,0,No
CS,SHADE,1,9,1,0,0,0,0,0,N,0,,0,No
CS,SHADE,1,9,2,0,0,0,0,0,N,0,,0,No
CS,SHADE,1,9,3,0,0,0,0,0,N,0,,0,No
CS,SHADE,1,9,4,0,0,0,0,0,N,0,,0,No
CS,SHADE,1,9,5,0,0,0,0,0,N,0,,0,No
CS,SHADE,1,9,6,0,0,0,0,0,N,0,,0,No
CS,SHADE,1,9,7,0,0,0,0,0,N,0,,0,No
CS,SHADE,1,9,8,0,0,0,0,0,N,0,,0,No
CS,SHADE,1,10,1,0,0,0,0,0,N,0,,0,No
CS,SHADE,1,10,2,0,0,0,0,0,N,0,,0,No
CS,SHADE,1,10,3,0,0,0,0,0,N,0,,0,No
CS,SHADE,1,10,4,0,0,0,0,0,N,0,,0,No
CS,SHADE,1,10,5,0,0,0,0,0,N,0,,0,No
CS,SHADE,1,10,6,0,0,0,0,0,N,0,,0,No
CS,SHADE,1,10,7,0,0,0,0,0,N,0,,0,No
CS,SHADE,1,10,8,0,0,0,0,0,N,0,,0,No
CS,SHADE,2,1,1,0,0,0,0,1,Y,0,,0,No
CS,SHADE,2,1,2,0,0,0,0,0,N,0,,0,No
CS,SHADE,2,1,3,0,0,0,0,0,N,0,,0,No
CS,SHADE,2,1,4,0,0,0,0,0,N,0,,0,No
CS,SHADE,2,1,5,0,0,0,0,0,N,0,,0,No
CS,SHADE,2,1,6,0,0,0,0,0,N,0,,0,No
CS,SHADE,2,1,7,2,0,0,0,1,Y,0,,0,No
CS,SHADE,2,1,8,0,0,0,0,0,N,0,,0,No
CS,SHADE,2,2,1,0,0,0,0,0,N,0,,0,No
CS,SHADE,2,2,2,0,0,0,0,0,N,0,,0,No
CS,SHADE,2,2,3,0,0,0,0,0,N,0,,0,No
CS,SHADE,2,2,4,0,0,0,0,0,N,0,,0,No
CS,SHADE,2,2,5,0,0,0,0,0,N,0,,0,No
CS,SHADE,2,2,6,4,0,0,0,1,Y,0,,0,No
CS,SHADE,2,2,7,2,0,0,0,1,Y,0,,0,No
CS,SHADE,2,2,8,0,14,0,0,1,Y,0,,0,No
CS,SHADE,2,3,1,0,4,0,0,1,Y,0,,0,No
CS,SHADE,2,3,2,0,0,0,0,0,N,0,,0,No
CS,SHADE,2,3,3,0,0,0,0,0,N,0,,0,No
CS,SHADE,2,3,4,0,0,0,0,0,N,0,,0,No
CS,SHADE,2,3,5,0,0,0,0,0,N,0,,0,No
CS,SHADE,2,3,6,0,1,0,0,1,Y,0,,0,No
CS,SHADE,2,3,7,0,0,0,0,0,N,0,,0,No
CS,SHADE,2,3,8,0,0,0,0,0,N,0,,0,No
CS,SHADE,2,4,1,0,0,0,0,0,N,0,,0,No
CS,SHADE,2,4,2,2,0,0,0,1,Y,0,,0,No
CS,SHADE,2,4,3,0,0,0,0,0,N,0,,0,No
CS,SHADE,2,4,4,0,0,0,0,0,N,0,,0,No
CS,SHADE,2,4,5,0,0,0,0,0,N,0,,0,No
CS,SHADE,2,4,6,0,0,0,0,1,Y,0,,0,No
CS,SHADE,2,4,7,0,0,0,0,0,N,0,,0,No
CS,SHADE,2,4,8,0,0,0,0,0,N,0,,0,No
CS,SHADE,2,5,1,0,0,0,0,0,N,0,,0,No
CS,SHADE,2,5,2,0,0,0,0,0,N,0,,0,No
CS,SHADE,2,5,3,0,0,0,0,0,N,0,,0,No
CS,SHADE,2,5,4,0,0,0,0,0,N,0,,0,No
CS,SHADE,2,5,5,0,0,0,0,0,N,0,,0,No
CS,SHADE,2,5,6,0,0,0,0,0,N,0,,0,No
CS,SHADE,2,5,7,0,0,0,0,0,N,0,,0,No
CS,SHADE,2,5,8,0,0,0,0,0,N,0,,0,No
CS,SHADE,2,6,1,0,0,0,0,0,N,0,,0,No
CS,SHADE,2,6,2,0,0,0,0,0,N,0,,0,No
CS,SHADE,2,6,3,0,0,0,0,0,N,0,,0,No
CS,SHADE,2,6,4,0,0,0,0,0,N,0,,0,No
CS,SHADE,2,6,5,0,0,0,0,0,N,0,,0,No
CS,SHADE,2,6,6,0,0,0,0,0,N,0,,0,No
CS,SHADE,2,6,7,0,0,0,0,1,Y,0,,0,No
CS,SHADE,2,6,8,0,0,0,0,0,N,0,,0,No
CS,SHADE,2,7,1,0,0,0,0,0,N,0,,0,No
CS,SHADE,2,7,2,0,0,0,0,0,N,0,,0,No
CS,SHADE,2,7,3,0,0,0,0,0,N,0,,0,No
CS,SHADE,2,7,4,0,0,0,0,0,N,0,,0,No
CS,SHADE,2,7,5,0,0,0,0,0,N,0,,0,No
CS,SHADE,2,7,6,0,0,0,0,0,N,0,,0,No
CS,SHADE,2,7,7,0,0,0,0,0,N,0,,0,No
CS,SHADE,2,7,8,0,0,0,0,0,N,0,,0,No
CS,SHADE,2,8,1,0,0,0,0,0,N,0,,0,No
CS,SHADE,2,8,2,0,0,0,0,0,N,0,,0,No
CS,SHADE,2,8,3,0,0,0,0,0,N,0,,0,No
CS,SHADE,2,8,4,0,0,0,0,0,N,0,,0,No
CS,SHADE,2,8,5,0,0,0,0,0,N,0,,0,No
CS,SHADE,2,8,6,0,0,0,0,0,N,0,,0,No
CS,SHADE,2,8,7,0,0,0,0,0,N,0,,0,No
CS,SHADE,2,8,8,0,0,0,0,0,N,0,,0,No
CS,SHADE,2,9,1,0,0,0,0,0,N,0,,0,No
CS,SHADE,2,9,2,0,0,0,0,0,N,0,,0,No
CS,SHADE,2,9,3,0,0,0,0,0,N,0,,0,No
CS,SHADE,2,9,4,0,0,0,0,0,N,0,,0,No
CS,SHADE,2,9,5,0,0,0,0,0,N,0,,0,No
CS,SHADE,2,9,6,0,0,0,0,0,N,0,,0,No
CS,SHADE,2,9,7,0,0,0,0,0,N,0,,0,No
CS,SHADE,2,9,8,0,0,0,0,0,N,0,,0,No
CS,SHADE,2,10,1,0,0,0,0,0,N,0,,0,No
CS,SHADE,2,10,2,0,0,0,0,0,N,0,,0,No
CS,SHADE,2,10,3,0,0,0,0,0,N,0,,0,No
CS,SHADE,2,10,4,0,0,0,0,0,N,0,,0,No
CS,SHADE,2,10,5,0,0,0,0,0,N,0,,0,No
CS,SHADE,2,10,6,0,0,0,0,0,N,0,,0,No
CS,SHADE,2,10,7,0,0,0,0,0,N,0,,0,No
CS,SHADE,2,10,8,0,0,0,0,0,N,0,,0,No
CS,SHADE,3,1,1,0,0,0,0,0,N,0,,0,No
CS,SHADE,3,1,2,0,0,0,0,0,N,0,,0,No
CS,SHADE,3,1,3,0,0,0,0,0,N,0,,0,No
CS,SHADE,3,1,4,0,0,0,0,0,N,0,,0,No
CS,SHADE,3,1,5,0,0,0,0,0,N,0,,0,No
CS,SHADE,3,1,6,0,0,0,0,0,N,0,,0,No
CS,SHADE,3,1,7,0,0,0,0,0,N,0,,0,No
CS,SHADE,3,1,8,0,0,0,0,0,N,0,,0,No
CS,SHADE,3,2,1,0,0,0,0,0,N,0,,0,No
CS,SHADE,3,2,2,0,0,0,0,0,N,0,,0,No
CS,SHADE,3,2,3,0,0,0,0,0,N,0,,0,No
CS,SHADE,3,2,4,0,0,0,0,0,N,0,,0,No
CS,SHADE,3,2,5,0,0,0,0,0,N,0,,0,No
CS,SHADE,3,2,6,0,0,0,0,0,N,0,,0,No
CS,SHADE,3,2,7,0,0,0,0,0,N,0,,0,No
CS,SHADE,3,2,8,0,0,0,0,0,N,0,,0,No
CS,SHADE,3,3,1,0,0,0,0,0,N,0,,0,No
CS,SHADE,3,3,2,0,0,0,0,0,N,0,,0,No
CS,SHADE,3,3,3,0,0,0,0,0,N,0,,0,No
CS,SHADE,3,3,4,0,0,0,0,0,N,0,,0,No
CS,SHADE,3,3,5,0,0,0,0,0,N,0,,0,No
CS,SHADE,3,3,6,0,0,0,0,0,N,0,,0,No
CS,SHADE,3,3,7,0,0,0,0,0,N,0,,0,No
CS,SHADE,3,3,8,0,0,0,0,0,N,0,,0,No
CS,SHADE,3,4,1,0,0,0,0,0,N,0,,0,No
CS,SHADE,3,4,2,0,0,0,0,0,N,0,,0,No
CS,SHADE,3,4,3,0,0,0,0,0,N,0,,0,No
CS,SHADE,3,4,4,0,0,0,0,0,N,0,,0,No
CS,SHADE,3,4,5,0,0,0,0,0,N,0,,0,No
CS,SHADE,3,4,6,0,0,0,0,0,N,0,,0,No
CS,SHADE,3,4,7,0,0,0,0,0,N,0,,0,No
CS,SHADE,3,4,8,0,0,0,0,0,N,0,,0,No
CS,SHADE,3,5,1,0,0,0,0,0,N,0,,0,No
CS,SHADE,3,5,2,0,0,0,0,0,N,0,,0,No
CS,SHADE,3,5,3,0,0,0,0,0,N,0,,0,No
CS,SHADE,3,5,4,0,0,0,0,0,N,0,,0,No
CS,SHADE,3,5,5,0,0,0,0,0,N,0,,0,No
CS,SHADE,3,5,6,0,0,0,0,0,N,0,,0,No
CS,SHADE,3,5,7,0,0,0,0,0,N,0,,0,No
CS,SHADE,3,5,8,0,0,0,0,0,N,0,,0,No
CS,SHADE,3,6,1,0,0,0,0,0,N,0,,0,No
CS,SHADE,3,6,2,0,0,0,0,0,N,0,,0,No
CS,SHADE,3,6,3,0,0,0,0,0,N,0,,0,No
CS,SHADE,3,6,4,0,0,0,0,0,N,0,,0,No
CS,SHADE,3,6,5,0,0,0,0,0,N,0,,0,No
CS,SHADE,3,6,6,0,0,0,0,1,Y,0,,0,No
CS,SHADE,3,6,7,0,0,0,0,0,N,0,,0,No
CS,SHADE,3,6,8,0,0,0,0,0,N,0,,0,No
CS,SHADE,3,7,1,0,0,0,0,1,Y,0,,0,No
CS,SHADE,3,7,2,0,0,0,0,0,N,0,,0,No
CS,SHADE,3,7,3,0,0,0,0,0,N,0,,0,No
CS,SHADE,3,7,4,0,0,0,0,0,N,0,,0,No
CS,SHADE,3,7,5,0,0,0,0,0,N,0,,0,No
CS,SHADE,3,7,6,0,0,0,0,0,N,0,,0,No
CS,SHADE,3,7,7,0,0,0,0,0,N,0,,0,No
CS,SHADE,3,7,8,0,0,0,0,0,N,0,,0,No
CS,SHADE,3,8,1,0,0,0,0,0,N,0,,0,No
CS,SHADE,3,8,2,0,0,0,0,0,N,0,,0,No
CS,SHADE,3,8,3,0,0,0,0,0,N,0,,0,No
CS,SHADE,3,8,4,0,0,0,0,0,N,0,,0,No
CS,SHADE,3,8,5,0,0,0,0,0,N,0,,0,No
CS,SHADE,3,8,6,0,0,0,0,0,N,0,,0,No
CS,SHADE,3,8,7,0,0,0,0,0,N,0,,0,No
CS,SHADE,3,8,8,0,0,0,0,0,N,0,,0,No
CS,SHADE,3,9,1,0,0,0,0,0,N,0,,0,No
CS,SHADE,3,9,2,0,0,0,0,0,N,0,,0,No
CS,SHADE,3,9,3,0,0,0,0,0,N,0,,0,No
CS,SHADE,3,9,4,0,0,0,0,0,N,0,,0,No
CS,SHADE,3,9,5,0,0,0,0,0,N,0,,0,No
CS,SHADE,3,9,6,0,0,0,0,0,N,0,,0,No
CS,SHADE,3,9,7,0,0,0,0,0,N,0,,0,No
CS,SHADE,3,9,8,0,0,0,0,0,N,0,,0,No
CS,SHADE,3,10,1,0,0,0,0,0,N,0,,0,No
CS,SHADE,3,10,2,0,0,0,0,0,N,0,,0,No
CS,SHADE,3,10,3,0,0,0,0,0,N,0,,0,No
CS,SHADE,3,10,4,0,0,0,0,0,N,0,,0,No
CS,SHADE,3,10,5,0,0,0,0,0,N,0,,0,No
CS,SHADE,3,10,6,0,0,0,0,0,N,0,,0,No
CS,SHADE,3,10,7,0,0,0,0,0,N,0,,0,No
CS,SHADE,3,10,8,0,0,0,0,0,N,0,,0,No
CS,SUN,1,1,1,0,0,0,0,0,N,0,,0,No
CS,SUN,1,1,2,0,3,0,4,1,Y,0,,0,Yes
CS,SUN,1,1,3,0,0,0,0,0,N,0,,0,No
CS,SUN,1,1,4,0,0,0,0,0,N,0,,0,No
CS,SUN,1,1,5,7,0,1,4,1,Y,0,,9,Yes
CS,SUN,1,1,6,0,17,2,2,1,Y,0,,0,Yes
CS,SUN,1,1,7,0,0,0,0,0,N,0,,0,No
CS,SUN,1,1,8,0,0,0,0,0,N,0,,0,No
CS,SUN,1,2,1,0,0,0,0,0,N,0,,0,No
CS,SUN,1,2,2,0,0,0,0,0,N,0,,0,No
CS,SUN,1,2,3,0,0,0,0,0,N,0,,0,No
CS,SUN,1,2,4,0,0,0,0,0,N,0,,0,No
CS,SUN,1,2,5,0,0,1,2,1,Y,0,,0,Yes
CS,SUN,1,2,6,0,0,0,0,0,N,0,,0,No
CS,SUN,1,2,7,0,9,0,2,1,Y,0,,6,Yes
CS,SUN,1,2,8,0,14,0,1,1,Y,0,,0,Yes
CS,SUN,1,3,1,0,0,0,0,0,N,0,,0,No
CS,SUN,1,3,2,0,0,0,0,0,N,0,,0,No
CS,SUN,1,3,3,0,0,0,0,0,N,0,,0,No
CS,SUN,1,3,4,0,0,0,0,0,N,0,,0,No
CS,SUN,1,3,5,0,0,0,0,0,N,0,,0,No
CS,SUN,1,3,6,0,0,0,0,0,N,0,,0,No
CS,SUN,1,3,7,0,0,0,0,0,N,0,,0,No
CS,SUN,1,3,8,0,14,1,3,1,Y,0,,25,Yes
CS,SUN,1,4,1,0,0,0,0,0,N,0,,0,No
CS,SUN,1,4,2,0,0,0,0,0,N,0,,0,No
CS,SUN,1,4,3,0,0,0,0,0,N,0,,0,No
CS,SUN,1,4,4,0,0,0,0,0,N,0,,0,No
CS,SUN,1,4,5,0,0,0,0,0,N,0,,0,No
CS,SUN,1,4,6,0,2,0,0,1,Y,0,,4,Yes
CS,SUN,1,4,7,0,1,0,2,1,Y,0,,0,Yes
CS,SUN,1,4,8,0,0,0,8,1,Y,0,,6,Yes
CS,SUN,1,5,1,0,0,0,0,0,N,0,,0,No
CS,SUN,1,5,2,0,0,0,0,0,N,0,,0,No
CS,SUN,1,5,3,0,0,0,0,0,N,0,,0,No
CS,SUN,1,5,4,0,0,0,0,0,N,0,,0,No
CS,SUN,1,5,5,3,0,0,3,1,Y,0,,7,Yes
CS,SUN,1,5,6,0,0,0,0,0,N,0,,0,No
CS,SUN,1,5,7,0,0,0,0,0,N,0,,0,No
CS,SUN,1,5,8,0,0,0,0,0,N,0,,0,No
CS,SUN,1,6,1,0,0,0,0,0,N,0,,0,No
CS,SUN,1,6,2,0,0,0,0,0,N,0,,0,No
CS,SUN,1,6,3,4,0,0,6,1,Y,0,,6,Yes
CS,SUN,1,6,4,0,0,0,0,0,N,0,,0,No
CS,SUN,1,6,5,0,0,0,0,0,N,0,,0,No
CS,SUN,1,6,6,0,0,0,0,0,N,0,,0,No
CS,SUN,1,6,7,0,0,0,0,0,N,0,,0,No
CS,SUN,1,6,8,0,0,0,0,0,N,0,,0,No
CS,SUN,1,7,1,0,0,0,0,0,N,0,,0,No
CS,SUN,1,7,2,0,1,0,2,1,Y,0,,1,Yes
CS,SUN,1,7,3,0,0,0,0,0,N,0,,0,No
CS,SUN,1,7,4,0,7,0,1,1,Y,0,,0,Yes
CS,SUN,1,7,5,0,0,0,0,0,N,0,,0,No
CS,SUN,1,7,6,1,0,0,3,1,Y,0,,4,Yes
CS,SUN,1,7,7,3,0,0,1,1,Y,0,,0,Yes
CS,SUN,1,7,8,0,0,0,0,0,N,0,,0,No
CS,SUN,1,8,1,4,0,2,2,1,Y,0,,2,Yes
CS,SUN,1,8,2,0,2,0,0,0,N,0,,6,Yes
CS,SUN,1,8,3,0,0,0,0,0,N,0,,0,No
CS,SUN,1,8,4,0,0,0,0,0,N,0,,0,No
CS,SUN,1,8,5,1,0,0,4,1,Y,0,,5,Yes
CS,SUN,1,8,6,0,0,0,0,0,N,0,,0,No
CS,SUN,1,8,7,4,0,0,1,1,Y,0,,25,Yes
CS,SUN,1,8,8,0,0,0,0,0,N,0,,0,No
CS,SUN,1,9,1,0,0,0,0,0,N,0,,0,No
CS,SUN,1,9,2,0,0,0,0,0,N,0,,0,No
CS,SUN,1,9,3,0,0,0,0,0,N,0,,0,No
CS,SUN,1,9,4,0,0,0,0,0,N,0,,0,No
CS,SUN,1,9,5,0,0,0,0,0,N,0,,0,No
CS,SUN,1,9,6,4,0,0,2,1,Y,0,,3,Yes
CS,SUN,1,9,7,0,0,0,0,0,N,0,,0,No
CS,SUN,1,9,8,0,0,0,0,0,N,0,,0,No
CS,SUN,1,10,1,0,0,0,1,1,Y,0,,0,No
CS,SUN,1,10,2,3,0,1,1,1,Y,0,,0,Yes
CS,SUN,1,10,3,0,3,0,0,0,N,0,,0,Yes
CS,SUN,1,10,4,0,0,0,0,0,N,0,,4,Yes
CS,SUN,1,10,5,0,1,0,1,1,Y,0,,4,Yes
CS,SUN,1,10,6,1,0,0,6,1,Y,0,,2,Yes
CS,SUN,1,10,7,0,0,0,0,0,N,0,,0,No
CS,SUN,1,10,8,0,0,0,0,0,N,0,,0,No
CS,SUN,2,1,1,0,0,0,0,0,N,0,,0,No
CS,SUN,2,1,2,0,0,0,0,0,N,0,,0,No
CS,SUN,2,1,3,0,0,0,0,0,N,0,,0,No
CS,SUN,2,1,4,0,0,0,0,0,N,0,,0,No
CS,SUN,2,1,5,0,0,0,0,0,N,0,,0,No
CS,SUN,2,1,6,0,0,0,0,0,N,0,,0,No
CS,SUN,2,1,7,0,0,0,0,0,N,0,,0,No
CS,SUN,2,1,8,0,0,0,0,1,Y,0,,4,Yes
CS,SUN,2,2,1,0,0,0,0,0,N,0,,0,No
CS,SUN,2,2,2,0,0,0,0,0,N,0,,0,No
CS,SUN,2,2,3,0,0,0,0,1,Y,0,,6,Yes
CS,SUN,2,2,4,0,0,0,0,0,N,0,,0,No
CS,SUN,2,2,5,0,0,0,0,0,N,0,,0,No
CS,SUN,2,2,6,0,1,0,1,1,Y,0,,2,Yes
CS,SUN,2,2,7,0,6,0,0,1,Y,0,,2,Yes
CS,SUN,2,2,8,0,0,0,0,0,N,0,,0,No
CS,SUN,2,3,1,0,0,0,0,1,Y,0,,0,Yes
CS,SUN,2,3,2,0,0,0,0,0,N,0,,0,No
CS,SUN,2,3,3,0,0,0,0,0,N,0,,0,No
CS,SUN,2,3,4,0,0,0,0,0,N,0,,0,No
CS,SUN,2,3,5,0,0,0,0,0,N,0,,0,No
CS,SUN,2,3,6,0,1,0,0,1,Y,0,,3,Yes
CS,SUN,2,3,7,0,0,0,0,0,N,0,,0,No
CS,SUN,2,3,8,0,0,0,0,0,N,0,,0,No
CS,SUN,2,4,1,0,0,0,0,0,N,0,,0,No
CS,SUN,2,4,2,0,0,0,0,0,N,0,,0,No
CS,SUN,2,4,3,0,0,0,0,0,N,0,,0,No
CS,SUN,2,4,4,0,0,0,0,0,N,0,,0,No
CS,SUN,2,4,5,0,0,0,0,0,N,0,,0,No
CS,SUN,2,4,6,0,0,0,0,0,N,0,,0,No
CS,SUN,2,4,7,0,0,0,0,0,N,0,,0,No
CS,SUN,2,4,8,0,0,0,0,0,N,0,,0,No
CS,SUN,2,5,1,0,1,0,0,1,Y,0,,0,Yes
CS,SUN,2,5,2,0,0,0,0,0,N,0,,0,No
CS,SUN,2,5,3,0,0,0,0,0,N,0,,0,No
CS,SUN,2,5,4,0,0,0,0,0,N,0,,0,No
CS,SUN,2,5,5,0,0,0,0,0,N,0,,0,No
CS,SUN,2,5,6,0,0,0,0,0,N,0,,0,No
CS,SUN,2,5,7,0,0,0,0,0,N,0,,0,No
CS,SUN,2,5,8,0,0,0,0,0,N,0,,0,No
CS,SUN,2,6,1,0,0,0,0,0,N,0,,0,No
CS,SUN,2,6,2,0,0,0,0,0,N,0,,0,No
CS,SUN,2,6,3,0,0,0,0,1,Y,0,,3,Yes
CS,SUN,2,6,4,0,0,0,0,0,N,0,,0,No
CS,SUN,2,6,5,0,0,0,0,0,N,0,,0,No
CS,SUN,2,6,6,0,0,0,0,0,N,0,,0,No
CS,SUN,2,6,7,0,0,0,0,0,N,0,,0,No
CS,SUN,2,6,8,0,0,0,0,0,N,0,,0,No
CS,SUN,2,7,1,0,0,0,0,0,N,0,,0,No
CS,SUN,2,7,2,0,0,0,1,1,Y,0,,0,Yes
CS,SUN,2,7,3,0,0,0,0,0,N,0,,0,No
CS,SUN,2,7,4,0,0,0,0,0,N,0,,0,No
CS,SUN,2,7,5,0,0,0,0,0,N,0,,0,No
CS,SUN,2,7,6,0,0,0,0,0,N,0,,0,No
CS,SUN,2,7,7,0,0,0,0,0,N,0,,0,No
CS,SUN,2,7,8,0,0,0,0,0,N,0,,0,No
CS,SUN,2,8,1,1,0,0,1,1,Y,0,,0,Yes
CS,SUN,2,8,2,0,3,0,2,1,Y,0,,0,No
CS,SUN,2,8,3,0,0,0,0,0,N,0,,0,No
CS,SUN,2,8,4,0,0,0,0,0,N,0,,0,No
CS,SUN,2,8,5,0,0,0,1,1,Y,0,,6,Yes
CS,SUN,2,8,6,4,0,0,3,1,Y,0,,6,Yes
CS,SUN,2,8,7,0,1,0,0,1,Y,0,,3,Yes
CS,SUN,2,8,8,0,0,0,0,0,N,0,,0,No
CS,SUN,2,9,1,0,0,0,2,1,Y,0,,4,Yes
CS,SUN,2,9,2,0,2,0,1,1,Y,0,,20,Yes
CS,SUN,2,9,3,0,0,0,0,0,N,0,,0,No
CS,SUN,2,9,4,0,0,0,0,0,N,0,,2,Yes
CS,SUN,2,9,5,0,1,0,0,1,Y,0,,2,Yes
CS,SUN,2,9,6,0,1,0,0,1,Y,0,,0,No
CS,SUN,2,9,7,4,0,0,0,1,Y,0,,6,Yes
CS,SUN,2,9,8,0,0,0,0,0,N,0,,0,No
CS,SUN,2,10,1,0,0,0,0,0,N,0,,0,No
CS,SUN,2,10,2,0,0,0,0,0,N,0,,0,No
CS,SUN,2,10,3,0,0,0,0,0,N,0,,0,No
CS,SUN,2,10,4,0,0,0,0,0,N,0,,0,No
CS,SUN,2,10,5,0,0,0,0,0,N,0,,0,No
CS,SUN,2,10,6,0,7,0,0,1,Y,0,,4,Yes
CS,SUN,2,10,7,0,0,0,0,1,Y,0,,4,Yes
CS,SUN,2,10,8,0,0,0,0,0,N,0,,0,No
CS,SUN,3,1,1,0,5,0,2,1,Y,0,,1,Yes
CS,SUN,3,1,2,0,0,0,0,0,N,0,,0,No
CS,SUN,3,1,3,0,3,0,1,1,Y,0,,4,Yes
CS,SUN,3,1,4,1,0,0,1,1,Y,0,,4,Yes
CS,SUN,3,1,5,0,0,0,0,0,N,0,,0,No
CS,SUN,3,1,6,0,6,0,0,1,Y,0,,9,Yes
CS,SUN,3,1,7,0,0,0,2,1,Y,0,,3,Yes
CS,SUN,3,1,8,0,0,0,0,1,Y,0,,3,Yes
CS,SUN,3,2,1,0,0,0,0,0,N,0,,0,No
CS,SUN,3,2,2,0,0,0,0,0,N,0,,0,No
CS,SUN,3,2,3,0,0,0,0,0,N,0,,0,No
CS,SUN,3,2,4,0,0,0,0,0,N,0,,0,No
CS,SUN,3,2,5,0,0,0,0,0,N,0,,0,No
CS,SUN,3,2,6,0,0,0,0,0,N,0,,0,No
CS,SUN,3,2,7,0,0,0,0,0,N,0,,0,No
CS,SUN,3,2,8,0,18,0,0,1,Y,0,,0,No
CS,SUN,3,3,1,0,0,0,0,0,N,0,,0,No
CS,SUN,3,3,2,0,0,0,0,0,N,0,,0,No
CS,SUN,3,3,3,0,0,0,0,0,N,0,,0,No
CS,SUN,3,3,4,0,0,0,0,0,N,0,,0,No
CS,SUN,3,3,5,0,0,0,0,0,N,0,,0,No
CS,SUN,3,3,6,0,0,0,0,0,N,0,,0,No
CS,SUN,3,3,7,0,7,0,0,1,Y,0,,4,Yes
CS,SUN,3,3,8,3,0,0,0,1,Y,0,,8,Yes
CS,SUN,3,4,1,0,0,0,0,0,N,0,,0,No
CS,SUN,3,4,2,0,9,0,1,1,Y,0,,4,Yes
CS,SUN,3,4,3,0,0,0,0,0,N,0,,0,No
CS,SUN,3,4,4,0,0,0,0,0,N,0,,0,No
CS,SUN,3,4,5,0,0,0,0,0,N,0,,0,No
CS,SUN,3,4,6,0,0,0,0,0,N,0,,0,No
CS,SUN,3,4,7,0,0,0,0,0,N,0,,0,No
CS,SUN,3,4,8,0,0,0,0,0,N,0,,0,No
CS,SUN,3,5,1,0,0,0,2,1,Y,0,,15,Yes
CS,SUN,3,5,2,0,0,0,0,0,N,0,,0,No
CS,SUN,3,5,3,0,0,0,0,0,N,0,,0,No
CS,SUN,3,5,4,0,0,0,0,0,N,0,,0,No
CS,SUN,3,5,5,0,0,0,0,0,N,0,,0,No
CS,SUN,3,5,6,0,0,0,0,0,N,0,,0,No
CS,SUN,3,5,7,0,0,0,0,0,N,0,,0,No
CS,SUN,3,5,8,0,0,0,0,0,N,0,,0,No
CS,SUN,3,6,1,0,0,0,0,0,N,0,,0,No
CS,SUN,3,6,2,0,0,0,0,0,N,0,,1,Yes
CS,SUN,3,6,3,0,0,0,0,0,N,0,,0,No
CS,SUN,3,6,4,0,0,0,0,0,N,0,,0,No
CS,SUN,3,6,5,0,0,0,0,0,N,0,,0,No
CS,SUN,3,6,6,0,0,0,0,0,N,0,,0,No
CS,SUN,3,6,7,0,0,0,0,0,N,0,,0,No
CS,SUN,3,6,8,0,0,0,0,0,N,0,,0,No
CS,SUN,3,7,1,0,0,0,0,0,N,0,,0,No
CS,SUN,3,7,2,0,3,0,0,1,Y,0,,4,Yes
CS,SUN,3,7,3,0,2,0,0,1,Y,0,,26,Yes
CS,SUN,3,7,4,0,0,0,0,0,N,0,,0,No
CS,SUN,3,7,5,0,0,0,0,0,N,0,,0,No
CS,SUN,3,7,6,0,0,0,0,0,N,0,,0,No
CS,SUN,3,7,7,0,0,0,0,0,N,0,,0,No
CS,SUN,3,7,8,0,0,0,0,0,N,0,,0,No
CS,SUN,3,8,1,0,0,0,0,0,N,0,,0,No
CS,SUN,3,8,2,0,6,0,0,1,Y,0,,0,No
CS,SUN,3,8,3,3,0,0,2,1,Y,0,,3,Yes
CS,SUN,3,8,4,0,10,0,0,1,Y,0,,12,Yes
CS,SUN,3,8,5,0,3,0,0,1,Y,0,,2,Yes
CS,SUN,3,8,6,0,0,0,0,0,N,0,,0,No
CS,SUN,3,8,7,0,0,0,0,0,N,0,,0,No
CS,SUN,3,8,8,0,0,0,0,0,N,0,,0,No
CS,SUN,3,9,1,0,0,0,0,0,N,0,,21,Yes
CS,SUN,3,9,2,0,0,0,0,1,Y,0,,6,Yes
CS,SUN,3,9,3,0,15,0,0,1,Y,0,,12,Yes
CS,SUN,3,9,4,0,0,0,0,0,N,0,,0,No
CS,SUN,3,9,5,0,0,0,0,0,N,0,,0,No
CS,SUN,3,9,6,0,0,0,0,0,N,0,,0,No
CS,SUN,3,9,7,0,6,0,0,1,Y,0,,0,No
CS,SUN,3,9,8,2,0,0,1,1,Y,0,,0,No
CS,SUN,3,10,1,0,0,0,0,0,N,0,,0,No
CS,SUN,3,10,2,3,0,0,0,1,Y,0,,5,Yes
CS,SUN,3,10,3,0,0,0,0,0,N,0,,0,No
CS,SUN,3,10,4,0,22,0,1,1,Y,0,,29,Yes
CS,SUN,3,10,5,0,0,0,0,0,N,0,,0,No
CS,SUN,3,10,6,0,0,0,0,0,N,0,,0,No
CS,SUN,3,10,7,0,5,0,2,1,Y,0,,3,Yes
CS,SUN,3,10,8,0,17,0,0,1,Y,0,,9,Yes
BEN,SUN,1,1,1,10,0,2,0,1,Y,1,,10,Yes
BEN,SUN,1,1,2,0,0,0,0,0,N,0,,0,No
BEN,SUN,1,1,3,0,0,0,0,0,N,0,,0,No
BEN,SUN,1,1,4,0,14,5,1,1,Y,0,,0,No
BEN,SUN,1,1,5,10,0,1,0,1,Y,0,,0,No
BEN,SUN,1,1,6,5,0,4,0,1,Y,0,,0,No
BEN,SUN,1,1,7,0,3,8,0,1,Y,1,,0,No
BEN,SUN,1,1,8,0,0,0,0,1,Y,0,,0,No
BEN,SUN,1,2,1,0,0,0,0,1,Y,0,,0,No
BEN,SUN,1,2,2,2,0,3,1,1,Y,0,,56,Yes
BEN,SUN,1,2,3,0,0,0,0,0,N,0,,0,No
BEN,SUN,1,2,4,0,0,0,0,0,N,0,,0,No
BEN,SUN,1,2,5,2,0,5,0,1,Y,2,,0,No
BEN,SUN,1,2,6,0,21,6,0,1,Y,1,,0,No
BEN,SUN,1,2,7,0,2,2,0,1,Y,0,,0,No
BEN,SUN,1,2,8,0,31,1,1,1,Y,1,,0,No
BEN,SUN,1,3,1,0,1,2,1,1,Y,0,,49,Yes
BEN,SUN,1,3,2,0,4,5,1,1,Y,1,,105,Yes
BEN,SUN,1,3,3,0,0,0,0,0,N,0,,0,No
BEN,SUN,1,3,4,0,0,0,0,0,N,0,,0,No
BEN,SUN,1,3,5,0,11,4,0,1,Y,0,,4,Yes
BEN,SUN,1,3,6,0,1,3,0,1,Y,0,,0,No
BEN,SUN,1,3,7,0,0,0,0,1,Y,0,,8,Yes
BEN,SUN,1,3,8,0,2,1,0,1,Y,0,,10,Yes
BEN,SUN,1,4,1,0,0,0,0,0,N,0,,64,Yes
BEN,SUN,1,4,2,1,0,8,0,1,Y,2,,8,Yes
BEN,SUN,1,4,3,0,0,0,0,0,N,0,,0,No
BEN,SUN,1,4,4,0,1,0,0,1,Y,1,,15,Yes
BEN,SUN,1,4,5,0,0,0,0,0,N,0,,0,No
BEN,SUN,1,4,6,0,4,6,0,1,Y,0,,2,Yes
BEN,SUN,1,4,7,0,0,0,0,0,N,0,,0,No
BEN,SUN,1,4,8,0,6,2,0,1,Y,0,,16,Yes
BEN,SUN,1,5,1,0,0,0,0,0,N,0,,0,No
BEN,SUN,1,5,2,0,0,0,0,0,N,0,,0,No
BEN,SUN,1,5,3,0,0,0,0,0,N,0,,0,No
BEN,SUN,1,5,4,0,0,0,0,0,N,0,,0,No
BEN,SUN,1,5,5,0,0,0,0,0,N,0,,0,No
BEN,SUN,1,5,6,0,0,0,0,0,N,0,,0,No
BEN,SUN,1,5,7,5,0,2,1,1,Y,0,,3,Yes
BEN,SUN,1,5,8,2,0,0,0,1,Y,0,,0,No
BEN,SUN,1,6,1,0,13,2,1,1,Y,1,,10,Yes
BEN,SUN,1,6,2,0,0,0,0,0,N,0,,0,No
BEN,SUN,1,6,3,0,0,0,0,0,N,0,,13,Yes
BEN,SUN,1,6,4,2,0,0,0,1,Y,0,,5,Yes
BEN,SUN,1,6,5,1,0,3,0,1,Y,2,,21,Yes
BEN,SUN,1,6,6,0,0,0,0,0,N,0,,0,No
BEN,SUN,1,6,7,0,0,0,0,0,N,0,,0,No
BEN,SUN,1,6,8,0,0,0,0,0,N,0,,0,No
BEN,SUN,1,7,1,1,0,2,0,1,Y,0,,71,Yes
BEN,SUN,1,7,2,0,0,5,0,1,Y,0,,83,Yes
BEN,SUN,1,7,3,0,0,0,0,0,N,0,,0,No
BEN,SUN,1,7,4,1,0,2,0,1,Y,0,,41,Yes
BEN,SUN,1,7,5,0,0,0,0,0,N,0,,0,No
BEN,SUN,1,7,6,0,0,0,0,0,N,0,,0,No
BEN,SUN,1,7,7,0,6,0,0,1,Y,1,,11,Yes
BEN,SUN,1,7,8,0,0,0,6,1,Y,0,,7,Yes
BEN,SUN,1,8,1,6,0,0,0,1,Y,0,,6,Yes
BEN,SUN,1,8,2,0,0,0,0,1,Y,0,,17,Yes
BEN,SUN,1,8,3,0,1,6,1,1,Y,0,,34,Yes
BEN,SUN,1,8,4,0,0,0,0,0,N,0,,0,No
BEN,SUN,1,8,5,0,1,1,2,1,Y,1,,60,Yes
BEN,SUN,1,8,6,0,1,0,0,1,Y,1,,17,Yes
BEN,SUN,1,8,7,1,0,0,0,1,Y,0,,3,Yes
BEN,SUN,1,8,8,0,0,0,0,1,Y,0,,12,Yes
BEN,SUN,1,9,1,6,0,0,0,1,Y,0,,8,Yes
BEN,SUN,1,9,2,0,0,0,0,0,N,0,,0,No
BEN,SUN,1,9,3,0,12,2,1,1,Y,1,,14,Yes
BEN,SUN,1,9,4,0,0,0,0,0,N,0,,0,No
BEN,SUN,1,9,5,0,0,0,0,0,N,0,,0,No
BEN,SUN,1,9,6,0,2,2,0,1,Y,1,,14,Yes
BEN,SUN,1,9,7,0,0,0,0,0,N,0,,0,No
BEN,SUN,1,9,8,0,0,0,0,0,N,0,,0,No
BEN,SUN,1,10,1,2,0,0,1,1,Y,0,,18,Yes
BEN,SUN,1,10,2,0,11,0,0,1,Y,1,,24,Yes
BEN,SUN,1,10,3,0,0,0,0,0,N,0,,0,No
BEN,SUN,1,10,4,0,0,0,0,0,N,0,,0,No
BEN,SUN,1,10,5,4,0,0,1,1,Y,0,,4,Yes
BEN,SUN,1,10,6,1,0,0,3,1,Y,0,,11,Yes
BEN,SUN,1,10,7,0,8,0,0,1,Y,0,,6,Yes
BEN,SUN,1,10,8,0,0,0,0,0,N,0,,0,No
BEN,SHADE,1,1,1,0,0,0,0,0,N,0,,0,No
BEN,SHADE,1,1,2,0,0,0,0,0,N,0,,0,No
BEN,SHADE,1,1,3,17,0,5,0,2,Y,0,,0,No
BEN,SHADE,1,1,4,6,0,1,0,1,Y,0,,0,No
BEN,SHADE,1,1,5,0,0,0,0,1,Y,0,,0,No
BEN,SHADE,1,1,6,0,27,1,0,1,Y,1,,0,No
BEN,SHADE,1,1,7,0,41,0,0,1,Y,0,,0,No
BEN,SHADE,1,1,8,0,7,0,0,1,Y,0,,0,No
BEN,SHADE,1,2,1,11,0,0,0,1,Y,0,,0,No
BEN,SHADE,1,2,2,1,0,0,0,1,Y,1,,0,No
BEN,SHADE,1,2,3,0,13,0,0,1,Y,0,,0,No
BEN,SHADE,1,2,4,0,0,0,0,0,N,0,,0,No
BEN,SHADE,1,2,5,0,0,0,0,0,N,0,,0,No
BEN,SHADE,1,2,6,0,45,0,0,1,Y,1,,0,No
BEN,SHADE,1,2,7,0,14,0,1,1,Y,0,,0,No
BEN,SHADE,1,2,8,0,0,0,0,1,Y,0,,0,No
BEN,SHADE,1,3,1,0,0,0,0,1,Y,0,,0,No
BEN,SHADE,1,3,2,0,5,0,0,1,Y,0,,0,No
BEN,SHADE,1,3,3,3,0,0,1,1,Y,0,,0,No
BEN,SHADE,1,3,4,7,0,0,1,1,Y,0,,0,No
BEN,SHADE,1,3,5,0,6,0,0,1,Y,1,,0,No
BEN,SHADE,1,3,6,0,0,0,0,0,N,0,,0,No
BEN,SHADE,1,3,7,0,7,0,0,1,Y,1,,0,No
BEN,SHADE,1,3,8,11,0,0,0,1,Y,0,,0,No
BEN,SHADE,1,4,1,0,0,0,0,0,N,0,,0,No
BEN,SHADE,1,4,2,0,0,0,0,0,N,0,,0,No
BEN,SHADE,1,4,3,0,8,0,0,1,Y,0,,0,No
BEN,SHADE,1,4,4,0,21,0,0,1,Y,0,,0,No
BEN,SHADE,1,4,5,0,0,0,0,0,N,0,,0,No
BEN,SHADE,1,4,6,0,0,0,0,0,N,0,,0,No
BEN,SHADE,1,4,7,9,0,0,0,1,Y,0,,0,No
BEN,SHADE,1,4,8,10,0,0,0,1,Y,2,,0,No
BEN,SHADE,1,5,1,0,0,0,0,0,N,0,,0,No
BEN,SHADE,1,5,2,0,0,0,0,0,N,0,,0,No
BEN,SHADE,1,5,3,2,0,0,1,1,Y,0,,0,No
BEN,SHADE,1,5,4,0,0,0,0,1,Y,0,,0,No
BEN,SHADE,1,5,5,0,0,0,0,0,N,0,,0,No
BEN,SHADE,1,5,6,0,0,0,0,0,N,0,,0,No
BEN,SHADE,1,5,7,0,0,0,0,0,N,0,,0,No
BEN,SHADE,1,5,8,0,0,0,0,0,N,0,,0,No
BEN,SHADE,1,6,1,0,0,0,0,0,N,0,,0,No
BEN,SHADE,1,6,2,0,0,0,0,0,N,0,,0,No
BEN,SHADE,1,6,3,0,1,1,1,1,Y,0,,0,No
BEN,SHADE,1,6,4,0,0,0,0,0,N,0,,0,No
BEN,SHADE,1,6,5,0,0,0,0,0,N,0,,0,No
BEN,SHADE,1,6,6,0,0,0,0,0,N,0,,0,No
BEN,SHADE,1,6,7,0,10,0,1,1,Y,1,,0,No
BEN,SHADE,1,6,8,0,1,0,0,1,Y,1,,0,No
BEN,SHADE,1,7,1,0,1,0,0,1,Y,0,,0,No
BEN,SHADE,1,7,2,0,0,0,0,0,N,0,,0,No
BEN,SHADE,1,7,3,0,14,0,0,1,Y,0,,0,No
BEN,SHADE,1,7,4,1,0,0,0,1,Y,0,,0,No
BEN,SHADE,1,7,5,0,0,0,0,0,N,0,,0,No
BEN,SHADE,1,7,6,0,0,0,0,0,N,0,,0,No
BEN,SHADE,1,7,7,4,0,0,0,1,Y,0,,0,No
BEN,SHADE,1,7,8,0,22,0,0,1,Y,0,,0,No
BEN,SHADE,1,8,1,0,3,0,1,1,Y,1,,0,No
BEN,SHADE,1,8,2,1,0,0,0,1,Y,2,,0,No
BEN,SHADE,1,8,3,0,0,0,0,1,Y,0,,0,No
BEN,SHADE,1,8,4,0,0,0,0,0,N,2,,0,No
BEN,SHADE,1,8,5,0,1,0,1,1,Y,1,,0,No
BEN,SHADE,1,8,6,0,0,0,0,0,N,0,,0,No
BEN,SHADE,1,8,7,0,0,0,0,0,N,0,,0,No
BEN,SHADE,1,8,8,0,0,0,0,1,Y,0,,0,No
BEN,SHADE,1,9,1,0,0,0,0,0,N,0,,0,No
BEN,SHADE,1,9,2,0,0,0,0,1,Y,0,,0,No
BEN,SHADE,1,9,3,0,2,0,0,1,Y,1,,0,No
BEN,SHADE,1,9,4,8,0,2,0,1,Y,2,,0,No
BEN,SHADE,1,9,5,0,27,0,1,1,Y,1,,0,No
BEN,SHADE,1,9,6,1,0,0,1,1,Y,2,,0,No
BEN,SHADE,1,9,7,0,0,0,0,1,Y,0,,0,No
BEN,SHADE,1,9,8,0,0,0,0,0,N,0,,0,No
BEN,SHADE,1,10,1,0,0,0,0,0,N,0,,0,No
BEN,SHADE,1,10,2,0,0,0,0,0,N,0,,0,No
BEN,SHADE,1,10,3,0,1,0,0,1,Y,1,,0,No
BEN,SHADE,1,10,4,4,0,0,0,1,Y,1,,0,No
BEN,SHADE,1,10,5,19,0,0,1,1,Y,0,,0,No
BEN,SHADE,1,10,6,0,3,0,0,1,Y,0,,0,No
BEN,SHADE,1,10,7,0,0,0,0,0,N,0,,0,No
BEN,SHADE,1,10,8,0,0,0,0,0,N,0,,0,No
BEN,SHADE,2,1,1,0,0,0,0,0,Y,0,,0,No
BEN,SHADE,2,1,2,0,1,0,0,1,Y,1,,0,No
BEN,SHADE,2,1,3,0,0,0,0,0,N,0,,0,No
BEN,SHADE,2,1,4,1,0,1,1,2,Y,0,,0,No
BEN,SHADE,2,1,5,0,2,0,0,1,Y,1,,0,No
BEN,SHADE,2,1,6,1,0,0,0,1,Y,0,,0,No
BEN,SHADE,2,1,7,7,0,1,0,1,Y,2,,0,No
BEN,SHADE,2,1,8,0,1,0,0,1,Y,1,,0,No
BEN,SHADE,2,2,1,0,0,0,0,1,Y,1,,0,No
BEN,SHADE,2,2,2,6,0,5,1,1,Y,0,,0,No
BEN,SHADE,2,2,3,0,0,0,0,1,Y,0,,0,No
BEN,SHADE,2,2,4,0,0,0,0,1,Y,0,,0,No
BEN,SHADE,2,2,5,0,4,0,0,1,Y,0,,0,No
BEN,SHADE,2,2,6,11,0,0,0,1,Y,0,,0,No
BEN,SHADE,2,2,7,0,59,0,0,2,Y,0,,0,No
BEN,SHADE,2,2,8,0,1,0,0,1,Y,0,,0,No
BEN,SHADE,2,3,1,0,0,0,1,2,Y,0,,0,No
BEN,SHADE,2,3,2,9,0,1,0,1,Y,0,,0,No
BEN,SHADE,2,3,3,0,4,3,0,1,Y,0,,0,No
BEN,SHADE,2,3,4,0,0,0,0,1,Y,0,,0,No
BEN,SHADE,2,3,5,0,0,0,0,0,N,0,,0,No
BEN,SHADE,2,3,6,0,3,2,0,1,Y,0,,0,No
BEN,SHADE,2,3,7,2,0,0,0,1,Y,0,,0,No
BEN,SHADE,2,3,8,0,4,0,2,1,Y,1,,0,No
BEN,SHADE,2,4,1,0,27,0,0,1,Y,1,,0,No
BEN,SHADE,2,4,2,0,0,0,0,1,Y,0,,0,No
BEN,SHADE,2,4,3,0,0,3,0,1,Y,0,,0,No
BEN,SHADE,2,4,4,1,0,0,0,1,Y,0,,0,No
BEN,SHADE,2,4,5,13,0,4,0,1,Y,2,,0,No
BEN,SHADE,2,4,6,12,0,1,0,1,Y,0,,0,No
BEN,SHADE,2,4,7,0,13,0,0,1,Y,0,,0,No
BEN,SHADE,2,4,8,0,0,2,0,1,Y,0,,0,No
BEN,SHADE,2,5,1,0,11,3,0,1,Y,0,,0,No
BEN,SHADE,2,5,2,0,0,0,0,0,N,0,,0,No
BEN,SHADE,2,5,3,3,0,0,1,1,Y,0,SPREADOUT,0,No
BEN,SHADE,2,5,4,3,0,1,0,1,Y,0,,0,No
BEN,SHADE,2,5,5,0,1,0,0,1,Y,0,,0,No
BEN,SHADE,2,5,6,0,26,1,0,1,Y,0,,0,No
BEN,SHADE,2,5,7,2,0,0,2,1,Y,0,,0,No
BEN,SHADE,2,5,8,0,0,2,0,1,Y,1,,0,No
BEN,SHADE,2,6,1,0,0,0,0,0,N,0,,0,No
BEN,SHADE,2,6,2,0,0,0,0,0,N,0,,0,No
BEN,SHADE,2,6,3,0,0,0,0,0,N,0,,0,No
BEN,SHADE,2,6,4,0,0,0,0,0,N,0,,0,No
BEN,SHADE,2,6,5,0,0,0,0,1,Y,0,,0,No
BEN,SHADE,2,6,6,0,9,0,0,1,Y,1,,0,No
BEN,SHADE,2,6,7,2,0,0,0,2,Y,0,,0,No
BEN,SHADE,2,6,8,0,0,0,0,0,N,0,,0,No
BEN,SHADE,2,7,1,0,0,0,0,0,N,0,,0,No
BEN,SHADE,2,7,2,1,0,0,1,1,Y,2,,0,No
BEN,SHADE,2,7,3,0,0,0,0,0,N,0,,0,No
BEN,SHADE,2,7,4,0,0,0,0,0,N,0,,0,No
BEN,SHADE,2,7,5,0,0,0,0,1,Y,0,,0,No
BEN,SHADE,2,7,6,0,0,0,0,0,N,0,,0,No
BEN,SHADE,2,7,7,0,0,0,0,0,N,0,,0,No
BEN,SHADE,2,7,8,0,0,0,0,0,N,0,,0,No
BEN,SHADE,2,8,1,1,0,3,0,1,Y,2,,0,No
BEN,SHADE,2,8,2,0,3,3,0,1,Y,0,,0,No
BEN,SHADE,2,8,3,0,0,0,0,0,N,0,,0,No
BEN,SHADE,2,8,4,0,11,1,0,1,Y,0,CHECK BIANCA AND NAT SHEETS 2 ENTREES TO CELL,0,No
BEN,SHADE,2,8,5,0,0,0,0,0,N,0,,0,No
BEN,SHADE,2,8,6,0,0,0,0,0,N,0,,0,No
BEN,SHADE,2,8,7,0,0,0,0,0,N,0,,0,No
BEN,SHADE,2,8,8,13,0,0,0,1,Y,0,,0,No
BEN,SHADE,2,9,1,2,0,0,1,1,Y,0,,0,No
BEN,SHADE,2,9,2,0,0,0,0,0,N,0,,0,No
BEN,SHADE,2,9,3,0,17,0,0,1,Y,1,,0,No
BEN,SHADE,2,9,4,0,0,0,1,1,Y,0,,0,No
BEN,SHADE,2,9,5,0,0,0,0,1,Y,0,,0,No
BEN,SHADE,2,9,6,1,0,0,0,1,Y,2,,0,No
BEN,SHADE,2,9,7,0,15,0,0,1,Y,0,,0,No
BEN,SHADE,2,9,8,0,6,1,0,1,Y,1,,0,No
BEN,SHADE,2,10,1,0,24,0,0,1,Y,0,,0,No
BEN,SHADE,2,10,2,0,0,0,0,1,Y,0,,0,No
BEN,SHADE,2,10,3,1,0,0,0,1,Y,0,,0,No
BEN,SHADE,2,10,4,0,0,0,0,0,N,0,,0,No
BEN,SHADE,2,10,5,0,0,0,0,0,N,0,,0,No
BEN,SHADE,2,10,6,0,2,0,0,1,Y,0,,0,No
BEN,SHADE,2,10,7,0,0,0,0,0,N,0,,0,No
BEN,SHADE,2,10,8,2,0,0,0,1,Y,0,,0,No
BEN,SHADE,3,1,1,0,0,0,0,0,Y,0,,0,No
BEN,SHADE,3,1,2,0,10,0,0,1,Y,0,,0,No
BEN,SHADE,3,1,3,5,0,2,0,1,Y,0,,0,No
BEN,SHADE,3,1,4,0,10,0,0,1,Y,1,,0,No
BEN,SHADE,3,1,5,0,0,0,0,0,N,0,,0,No
BEN,SHADE,3,1,6,3,0,0,0,1,Y,0,,0,No
BEN,SHADE,3,1,7,0,1,0,0,1,Y,0,,0,No
BEN,SHADE,3,1,8,0,0,0,0,0,N,0,,0,No
BEN,SHADE,3,2,1,0,0,0,0,0,N,0,,0,No
BEN,SHADE,3,2,2,0,1,0,0,1,Y,1,,0,No
BEN,SHADE,3,2,3,0,0,0,0,0,N,0,,0,No
BEN,SHADE,3,2,4,0,0,0,0,0,N,0,,0,No
BEN,SHADE,3,2,5,3,0,0,0,1,Y,0,,0,No
BEN,SHADE,3,2,6,0,0,0,0,0,N,0,,0,No
BEN,SHADE,3,2,7,0,0,0,0,0,N,0,,0,No
BEN,SHADE,3,2,8,0,0,0,0,0,N,0,,0,No
BEN,SHADE,3,3,1,0,0,0,0,0,Y,0,,0,No
BEN,SHADE,3,3,2,0,1,0,0,1,Y,0,,0,No
BEN,SHADE,3,3,3,0,0,0,0,0,Y,0,,0,No
BEN,SHADE,3,3,4,0,1,0,0,1,Y,1,,0,No
BEN,SHADE,3,3,5,0,1,0,0,1,Y,1,,0,No
BEN,SHADE,3,3,6,0,0,0,0,0,Y,0,,0,No
BEN,SHADE,3,3,7,1,0,0,0,1,Y,0,,0,No
BEN,SHADE,3,3,8,5,0,0,1,2,Y,0,,0,No
BEN,SHADE,3,4,1,0,0,0,0,0,N,0,,0,No
BEN,SHADE,3,4,2,1,0,0,6,1,Y,0,,0,No
BEN,SHADE,3,4,3,1,0,4,0,1,Y,0,,0,No
BEN,SHADE,3,4,4,0,2,0,0,1,Y,0,,0,No
BEN,SHADE,3,4,5,2,0,0,0,1,Y,0,,0,No
BEN,SHADE,3,4,6,0,0,0,0,1,Y,0,,0,No
BEN,SHADE,3,4,7,1,0,0,1,1,Y,0,,0,No
BEN,SHADE,3,4,8,0,6,0,2,1,Y,0,,0,No
BEN,SHADE,3,5,1,2,0,0,0,1,Y,0,,0,No
BEN,SHADE,3,5,2,0,0,0,0,1,Y,0,,0,No
BEN,SHADE,3,5,3,0,0,0,0,0,N,0,,0,No
BEN,SHADE,3,5,4,0,1,0,0,1,Y,1,,0,No
BEN,SHADE,3,5,5,0,1,0,0,1,Y,0,,0,No
BEN,SHADE,3,5,6,0,0,0,0,0,N,0,,0,No
BEN,SHADE,3,5,7,8,0,0,0,1,Y,0,,0,No
BEN,SHADE,3,5,8,0,3,0,0,1,Y,1,,0,No
BEN,SHADE,3,6,1,0,2,0,0,1,Y,0,,0,No
BEN,SHADE,3,6,2,0,0,0,0,0,N,0,,0,No
BEN,SHADE,3,6,3,6,0,0,0,1,Y,0,,0,No
BEN,SHADE,3,6,4,1,0,0,0,1,Y,0,,0,No
BEN,SHADE,3,6,5,0,1,0,0,1,Y,0,,0,No
BEN,SHADE,3,6,6,0,0,0,0,1,Y,0,,0,No
BEN,SHADE,3,6,7,0,0,0,0,1,Y,2,,0,No
BEN,SHADE,3,6,8,0,3,0,0,1,Y,1,,0,No
BEN,SHADE,3,7,1,0,0,0,0,0,N,0,,0,No
BEN,SHADE,3,7,2,3,0,0,0,1,Y,2,,0,No
BEN,SHADE,3,7,3,0,1,1,1,1,Y,1,,0,No
BEN,SHADE,3,7,4,0,0,0,0,1,Y,0,,0,No
BEN,SHADE,3,7,5,0,0,0,0,0,N,0,,0,No
BEN,SHADE,3,7,6,0,0,0,0,0,N,0,,0,No
BEN,SHADE,3,7,7,0,0,0,0,0,N,0,,0,No
BEN,SHADE,3,7,8,0,0,0,0,1,Y,1,,0,No
BEN,SHADE,3,8,1,0,1,0,0,1,Y,0,,0,No
BEN,SHADE,3,8,2,0,0,0,0,0,N,0,,0,No
BEN,SHADE,3,8,3,0,0,0,0,1,Y,0,,0,No
BEN,SHADE,3,8,4,0,0,0,0,0,N,0,,0,No
BEN,SHADE,3,8,5,0,0,0,0,0,N,0,,0,No
BEN,SHADE,3,8,6,0,0,0,0,0,N,0,,0,No
BEN,SHADE,3,8,7,0,0,0,0,0,N,0,,0,No
BEN,SHADE,3,8,8,0,8,0,0,1,Y,1,,0,No
BEN,SHADE,3,9,1,0,0,0,0,1,Y,0,,0,No
BEN,SHADE,3,9,2,0,0,0,0,0,N,0,,0,No
BEN,SHADE,3,9,3,0,0,0,0,0,N,0,,0,No
BEN,SHADE,3,9,4,0,0,0,0,0,N,0,,0,No
BEN,SHADE,3,9,5,0,0,0,0,0,N,0,,0,No
BEN,SHADE,3,9,6,0,0,0,0,0,N,0,,0,No
BEN,SHADE,3,9,7,0,0,0,0,0,N,0,,0,No
BEN,SHADE,3,9,8,0,0,0,0,0,N,0,,0,No
BEN,SHADE,3,10,1,0,2,0,2,1,Y,0,,0,No
BEN,SHADE,3,10,2,0,0,0,0,0,N,0,,0,No
BEN,SHADE,3,10,3,0,0,0,0,0,N,0,,0,No
BEN,SHADE,3,10,4,0,0,0,0,1,Y,1,,0,No
BEN,SHADE,3,10,5,0,4,1,0,1,Y,0,,0,No
BEN,SHADE,3,10,6,0,0,0,0,0,N,0,,0,No
BEN,SHADE,3,10,7,0,0,0,0,0,N,0,,0,No
BEN,SHADE,3,10,8,0,0,0,0,1,Y,0,,0,No
BEN,SUN,2,1,1,0,0,0,0,0,N,0,,0,No
BEN,SUN,2,1,2,0,0,0,0,0,N,0,,0,No
BEN,SUN,2,1,3,0,0,0,0,0,N,0,,0,No
BEN,SUN,2,1,4,0,0,0,0,0,N,0,,0,No
BEN,SUN,2,1,5,0,0,0,0,0,N,0,,0,No
BEN,SUN,2,1,6,0,0,0,0,0,N,0,,0,No
BEN,SUN,2,1,7,0,0,0,0,0,N,0,,0,No
BEN,SUN,2,1,8,0,0,0,0,0,N,0,,0,No
BEN,SUN,2,2,1,0,0,0,0,0,N,0,,0,No
BEN,SUN,2,2,2,0,0,0,0,0,N,0,,0,No
BEN,SUN,2,2,3,0,0,0,0,0,N,0,,0,No
BEN,SUN,2,2,4,0,0,0,0,0,N,0,,0,No
BEN,SUN,2,2,5,0,0,0,0,0,N,0,,0,No
BEN,SUN,2,2,6,2,0,5,0,1,Y,2,,6,Yes
BEN,SUN,2,2,7,0,1,4,0,1,Y,1,,6,Yes
BEN,SUN,2,2,8,0,0,0,0,0,N,0,,0,No
BEN,SUN,2,3,1,0,0,0,0,0,N,0,,0,No
BEN,SUN,2,3,2,0,0,0,0,0,N,0,,0,No
BEN,SUN,2,3,3,0,0,0,0,0,N,0,,0,No
BEN,SUN,2,3,4,0,0,0,0,0,N,0,,0,No
BEN,SUN,2,3,5,0,0,0,0,0,N,0,,0,No
BEN,SUN,2,3,6,0,0,0,0,0,N,0,,0,No
BEN,SUN,2,3,7,0,0,0,0,0,N,0,,0,No
BEN,SUN,2,3,8,0,0,0,0,0,N,0,,0,No
BEN,SUN,2,4,1,0,0,0,0,0,N,0,,0,No
BEN,SUN,2,4,2,0,2,0,6,1,Y,0,,16,Yes
BEN,SUN,2,4,3,0,0,0,0,0,N,0,,0,No
BEN,SUN,2,4,4,0,2,1,0,1,Y,0,,10,Yes
BEN,SUN,2,4,5,0,0,0,0,0,N,0,,0,No
BEN,SUN,2,4,6,0,0,0,0,0,N,0,,0,No
BEN,SUN,2,4,7,0,0,0,0,0,N,0,,0,No
BEN,SUN,2,4,8,0,0,0,0,0,N,0,,0,No
BEN,SUN,2,5,1,0,0,0,0,0,N,0,,0,No
BEN,SUN,2,5,2,0,0,0,0,0,N,0,,2,Yes
BEN,SUN,2,5,3,0,0,0,0,0,N,0,,0,No
BEN,SUN,2,5,4,2,0,0,11,1,Y,0,,0,No
BEN,SUN,2,5,5,0,0,0,0,0,N,0,,0,No
BEN,SUN,2,5,6,0,0,0,0,0,N,0,,0,No
BEN,SUN,2,5,7,0,0,0,0,0,N,0,,0,No
BEN,SUN,2,5,8,0,1,0,0,1,Y,0,,1,Yes
BEN,SUN,2,6,1,2,0,2,0,1,Y,2,,6,Yes
BEN,SUN,2,6,2,1,0,1,0,1,Y,0,,11,Yes
BEN,SUN,2,6,3,0,0,0,0,0,N,0,,0,No
BEN,SUN,2,6,4,0,0,0,0,1,Y,0,,8,Yes
BEN,SUN,2,6,5,0,0,0,0,0,N,0,,0,No
BEN,SUN,2,6,6,0,0,0,0,0,N,0,,0,No
BEN,SUN,2,6,7,0,0,0,0,0,N,0,,0,No
BEN,SUN,2,6,8,0,0,0,0,0,N,0,,0,No
BEN,SUN,2,7,1,0,0,0,0,1,Y,0,,12,Yes
BEN,SUN,2,7,2,0,0,0,0,0,N,0,,0,No
BEN,SUN,2,7,3,0,0,0,0,0,N,0,,0,No
BEN,SUN,2,7,4,0,0,0,0,0,N,0,,0,No
BEN,SUN,2,7,5,0,0,0,0,0,N,0,,0,No
BEN,SUN,2,7,6,0,0,0,0,0,N,0,,0,No
BEN,SUN,2,7,7,0,0,0,0,0,N,0,,0,No
BEN,SUN,2,7,8,0,0,0,0,0,N,0,,0,No
BEN,SUN,2,8,1,0,0,0,0,1,Y,0,,3,Yes
BEN,SUN,2,8,2,0,0,0,0,0,N,0,,0,No
BEN,SUN,2,8,3,0,0,0,0,0,N,0,,0,No
BEN,SUN,2,8,4,0,0,0,0,0,N,0,,0,No
BEN,SUN,2,8,5,0,0,0,0,0,N,0,,0,No
BEN,SUN,2,8,6,0,0,0,0,0,N,0,,0,No
BEN,SUN,2,8,7,0,0,0,0,0,N,0,,0,No
BEN,SUN,2,8,8,0,0,0,0,0,N,0,,0,No
BEN,SUN,2,9,1,0,15,4,0,1,Y,0,,3,Yes
BEN,SUN,2,9,2,1,0,2,0,1,Y,0,,8,Yes
BEN,SUN,2,9,3,0,0,0,0,0,N,0,,0,No
BEN,SUN,2,9,4,0,0,0,0,0,N,0,,0,No
BEN,SUN,2,9,5,0,0,0,0,0,N,0,,0,No
BEN,SUN,2,9,6,0,0,0,0,0,N,0,,0,No
BEN,SUN,2,9,7,0,0,0,0,0,N,0,,0,No
BEN,SUN,2,9,8,0,0,0,0,0,N,0,,0,No
BEN,SUN,2,10,1,0,0,1,2,1,Y,0,,4,Yes
BEN,SUN,2,10,2,0,0,0,0,0,N,0,,0,No
BEN,SUN,2,10,3,0,0,0,0,0,N,0,,0,No
BEN,SUN,2,10,4,0,0,0,0,0,N,0,,0,No
BEN,SUN,2,10,5,0,0,0,0,0,N,0,,0,No
BEN,SUN,2,10,6,0,0,0,0,0,N,0,,0,No
BEN,SUN,2,10,7,0,0,0,0,0,N,0,,0,No
BEN,SUN,2,10,8,0,0,0,0,0,N,0,,0,No
BEN,SUN,3,1,1,19,0,0,0,4,Y,0,,3,Yes
BEN,SUN,3,1,2,3,0,2,1,1,Y,0,,8,Yes
BEN,SUN,3,1,3,0,0,1,1,1,Y,0,,36,Yes
BEN,SUN,3,1,4,0,25,1,0,1,Y,0,,13,Yes
BEN,SUN,3,1,5,0,0,0,0,0,N,0,,0,No
BEN,SUN,3,1,6,0,7,3,1,0,Y,0,,6,Yes
BEN,SUN,3,1,7,6,0,2,2,1,Y,0,,10,Yes
BEN,SUN,3,1,8,0,1,3,2,1,Y,0,,8,Yes
BEN,SUN,3,2,1,0,5,0,0,2,Y,0,,2,Yes
BEN,SUN,3,2,2,2,0,3,1,1,Y,0,,20,Yes
BEN,SUN,3,2,3,18,0,4,1,3,Y,0,,0,No
BEN,SUN,3,2,4,0,0,1,3,1,Y,0,,13,Yes
BEN,SUN,3,2,5,0,7,4,2,1,Y,1,,260,Yes
BEN,SUN,3,2,6,0,2,0,0,1,Y,0,,34,Yes
BEN,SUN,3,2,7,0,0,0,0,0,N,0,,0,No
BEN,SUN,3,2,8,0,7,1,1,1,Y,1,,24,Yes
BEN,SUN,3,3,1,0,3,6,1,2,Y,0,,5,Yes
BEN,SUN,3,3,2,0,17,1,4,1,Y,0,,4,Yes
BEN,SUN,3,3,3,0,0,0,1,1,Y,0,,22,Yes
BEN,SUN,3,3,4,1,0,2,1,1,Y,0,,38,Yes
BEN,SUN,3,3,5,6,0,6,0,0,Y,0,,26,Yes
BEN,SUN,3,3,6,4,0,4,0,1,Y,0,,2,Yes
BEN,SUN,3,3,7,0,0,0,0,0,N,0,,0,No
BEN,SUN,3,3,8,0,0,0,3,1,Y,0,,54,Yes
BEN,SUN,3,4,1,7,0,8,0,1,Y,0,,9,Yes
BEN,SUN,3,4,2,21,0,6,0,1,Y,0,,8,Yes
BEN,SUN,3,4,3,0,0,6,0,1,Y,1,,7,Yes
BEN,SUN,3,4,4,0,0,1,0,3,Y,0,,7,Yes
BEN,SUN,3,4,5,0,0,0,0,0,N,0,,0,No
BEN,SUN,3,4,6,4,0,1,2,1,Y,2,,12,Yes
BEN,SUN,3,4,7,0,0,1,1,1,Y,0,,12,Yes
BEN,SUN,3,4,8,0,0,0,0,0,N,0,,0,No
BEN,SUN,3,5,1,1,0,1,0,1,Y,0,,4,Yes
BEN,SUN,3,5,2,0,7,3,0,1,Y,0,,10,Yes
BEN,SUN,3,5,3,0,11,2,1,1,Y,0,,16,Yes
BEN,SUN,3,5,4,0,11,10,0,1,Y,0,,10,Yes
BEN,SUN,3,5,5,9,0,8,2,1,Y,0,,35,Yes
BEN,SUN,3,5,6,1,0,2,0,1,Y,0,,50,Yes
BEN,SUN,3,5,7,8,0,5,0,1,Y,0,,46,Yes
BEN,SUN,3,5,8,0,0,1,0,2,Y,0,,81,Yes
BEN,SUN,3,6,1,0,0,7,1,1,Y,0,,15,Yes
BEN,SUN,3,6,2,0,25,2,0,1,Y,0,,27,Yes
BEN,SUN,3,6,3,0,13,2,3,1,Y,0,,2,Yes
BEN,SUN,3,6,4,0,0,0,0,0,N,0,,0,No
BEN,SUN,3,6,5,12,0,8,0,1,Y,2,,8,Yes
BEN,SUN,3,6,6,25,0,3,3,1,Y,0,,12,Yes
BEN,SUN,3,6,7,0,0,3,3,1,Y,1,,16,Yes
BEN,SUN,3,6,8,0,6,9,1,1,Y,1,,51,Yes
BEN,SUN,3,7,1,12,0,7,0,2,Y,0,,19,Yes
BEN,SUN,3,7,2,0,0,1,0,1,Y,0,,63,Yes
BEN,SUN,3,7,3,10,0,2,3,1,Y,0,,27,Yes
BEN,SUN,3,7,4,5,0,2,3,1,Y,0,,19,Yes
BEN,SUN,3,7,5,0,0,1,5,1,Y,0,,68,Yes
BEN,SUN,3,7,6,0,21,6,1,1,Y,1,,12,Yes
BEN,SUN,3,7,7,0,12,1,0,1,Y,0,,14,Yes
BEN,SUN,3,7,8,0,8,2,1,1,Y,1,,0,No
BEN,SUN,3,8,1,0,0,5,1,1,Y,0,,84,Yes
BEN,SUN,3,8,2,0,5,0,2,1,Y,1,,65,Yes
BEN,SUN,3,8,3,10,0,1,2,1,Y,0,,110,Yes
BEN,SUN,3,8,4,19,0,1,1,1,Y,2,,19,Yes
BEN,SUN,3,8,5,0,3,2,4,1,Y,0,,68,Yes
BEN,SUN,3,8,6,0,47,2,0,1,Y,0,,6,Yes
BEN,SUN,3,8,7,0,0,0,0,0,N,0,,55,Yes
BEN,SUN,3,8,8,16,0,4,3,1,Y,0,,24,Yes
BEN,SUN,3,9,1,3,0,1,0,1,Y,2,,44,Yes
BEN,SUN,3,9,2,0,22,0,1,1,Y,0,,33,Yes
BEN,SUN,3,9,3,0,0,2,1,1,Y,0,,109,Yes
BEN,SUN,3,9,4,0,6,2,1,1,Y,0,,42,Yes
BEN,SUN,3,9,5,14,0,3,0,1,Y,0,,30,Yes
BEN,SUN,3,9,6,3,0,0,0,1,Y,0,,37,Yes
BEN,SUN,3,9,7,0,3,2,0,1,Y,1,,71,Yes
BEN,SUN,3,9,8,0,0,0,0,0,N,0,,0,No
BEN,SUN,3,10,1,0,41,1,4,1,Y,0,,11,Yes
BEN,SUN,3,10,2,0,0,0,0,0,Y,0,,0,No
BEN,SUN,3,10,3,0,40,0,2,1,Y,0,,16,Yes
BEN,SUN,3,10,4,0,0,0,0,1,Y,0,,27,Yes
BEN,SUN,3,10,5,22,0,2,0,2,Y,0,,0,No
BEN,SUN,3,10,6,14,0,1,2,1,Y,0,,58,Yes
BEN,SUN,3,10,7,24,0,0,1,1,Y,0,,21,Yes
BEN,SUN,3,10,8,0,3,1,3,1,Y,1,,58,Yes
NAM,SHADE,2,1,1,0,0,0,0,0,N,0,,0,No
NAM,SHADE,2,1,2,0,0,0,0,0,N,0,,0,No
NAM,SHADE,2,1,3,0,0,0,0,0,N,0,,0,No
NAM,SHADE,2,1,4,0,0,0,0,0,N,0,,0,No
NAM,SHADE,2,1,5,0,0,0,0,0,N,0,,0,No
NAM,SHADE,2,1,6,0,5,0,0,1,Y,0,,0,No
NAM,SHADE,2,1,7,0,0,0,0,0,N,0,,0,No
NAM,SHADE,2,1,8,0,0,0,0,0,N,0,,0,No
NAM,SHADE,2,2,1,0,0,0,0,0,N,0,,0,No
NAM,SHADE,2,2,2,0,0,0,0,0,N,0,,0,No
NAM,SHADE,2,2,3,0,14,0,0,1,Y,0,,0,No
NAM,SHADE,2,2,4,0,0,0,0,0,N,0,,0,No
NAM,SHADE,2,2,5,0,0,0,0,1,Y,2,,0,No
NAM,SHADE,2,2,6,0,10,1,1,1,Y,0,,0,No
NAM,SHADE,2,2,7,9,0,0,0,1,Y,0,,0,No
NAM,SHADE,2,2,8,0,0,0,0,0,N,0,,0,No
NAM,SHADE,2,3,1,0,0,0,0,0,N,0,,0,No
NAM,SHADE,2,3,2,0,0,0,0,0,N,0,,0,No
NAM,SHADE,2,3,3,0,12,1,1,1,Y,1,,0,No
NAM,SHADE,2,3,4,0,0,0,0,0,N,0,,0,No
NAM,SHADE,2,3,5,5,0,0,0,1,Y,0,,0,No
NAM,SHADE,2,3,6,14,0,0,0,1,Y,0,,0,No
NAM,SHADE,2,3,7,0,24,0,0,1,Y,0,,0,No
NAM,SHADE,2,3,8,0,0,0,0,0,N,0,,0,No
NAM,SHADE,2,4,1,0,17,0,0,1,Y,0,,0,No
NAM,SHADE,2,4,2,0,2,0,0,1,Y,0,,0,No
NAM,SHADE,2,4,3,0,0,0,0,0,N,0,,0,No
NAM,SHADE,2,4,4,0,0,0,0,0,N,0,,0,No
NAM,SHADE,2,4,5,12,0,0,0,1,Y,2,,0,No
NAM,SHADE,2,4,6,0,23,0,0,1,Y,0,,0,No
NAM,SHADE,2,4,7,0,0,0,0,0,N,0,,0,No
NAM,SHADE,2,4,8,0,0,0,0,0,N,0,,0,No
NAM,SHADE,2,5,1,0,0,0,0,0,N,0,,0,No
NAM,SHADE,2,5,2,0,0,0,0,1,Y,2,,0,No
NAM,SHADE,2,5,3,5,0,0,0,1,Y,2,,0,No
NAM,SHADE,2,5,4,0,0,0,0,0,N,0,,0,No
NAM,SHADE,2,5,5,0,0,0,0,0,N,0,,0,No
NAM,SHADE,2,5,6,0,0,0,0,0,N,0,,0,No
NAM,SHADE,2,5,7,0,1,0,0,1,Y,0,,0,No
NAM,SHADE,2,5,8,0,0,0,0,1,Y,1,,0,No
NAM,SHADE,2,6,1,0,7,0,0,1,Y,1,,0,No
NAM,SHADE,2,6,2,0,0,0,0,1,Y,0,,0,No
NAM,SHADE,2,6,3,17,0,0,0,1,Y,0,,0,No
NAM,SHADE,2,6,4,0,0,0,0,0,N,0,,0,No
NAM,SHADE,2,6,5,0,0,0,0,0,N,0,,0,No
NAM,SHADE,2,6,6,0,0,0,0,0,N,0,,0,No
NAM,SHADE,2,6,7,0,0,0,0,0,N,0,,0,No
NAM,SHADE,2,6,8,0,0,0,0,1,Y,1,,0,No
NAM,SHADE,2,7,1,11,0,0,0,1,Y,0,,0,No
NAM,SHADE,2,7,2,0,0,0,0,0,Y,0,,0,No
NAM,SHADE,2,7,3,0,38,0,0,1,Y,1,,0,No
NAM,SHADE,2,7,4,17,0,0,0,1,Y,2,,0,No
NAM,SHADE,2,7,5,0,0,0,0,0,Y,0,,0,No
NAM,SHADE,2,7,6,0,0,0,0,1,Y,0,,0,No
NAM,SHADE,2,7,7,0,0,0,0,0,Y,0,,0,No
NAM,SHADE,2,7,8,0,0,0,0,0,Y,0,,0,No
NAM,SHADE,2,8,1,0,25,0,0,1,Y,0,,0,No
NAM,SHADE,2,8,2,0,0,0,0,1,Y,0,,0,No
NAM,SHADE,2,8,3,0,28,0,0,1,Y,1,,0,No
NAM,SHADE,2,8,4,17,0,0,0,1,Y,0,,0,No
NAM,SHADE,2,8,5,0,0,0,0,0,N,0,,0,No
NAM,SHADE,2,8,6,0,0,0,0,0,N,0,,0,No
NAM,SHADE,2,8,7,12,0,0,0,1,Y,0,,0,No
NAM,SHADE,2,8,8,5,0,0,0,1,Y,0,,0,No
NAM,SHADE,2,9,1,0,0,0,0,1,Y,0,,0,No
NAM,SHADE,2,9,2,0,0,0,0,0,N,0,,0,No
NAM,SHADE,2,9,3,0,23,0,0,1,Y,0,,0,No
NAM,SHADE,2,9,4,0,0,0,0,0,N,0,,0,No
NAM,SHADE,2,9,5,0,9,0,0,1,Y,0,,0,No
NAM,SHADE,2,9,6,12,0,0,0,1,Y,0,,0,No
NAM,SHADE,2,9,7,6,0,0,0,1,Y,0,,0,No
NAM,SHADE,2,9,8,0,4,0,0,1,Y,1,,0,No
NAM,SHADE,2,10,1,0,0,0,0,0,N,0,,0,No
NAM,SHADE,2,10,2,0,0,0,0,0,N,0,,0,No
NAM,SHADE,2,10,3,0,0,0,0,0,N,0,,0,No
NAM,SHADE,2,10,4,0,0,0,0,1,Y,0,,0,No
NAM,SHADE,2,10,5,6,0,0,0,1,Y,0,MISSING ONE INFLOR,0,No
NAM,SHADE,2,10,6,0,31,0,0,1,Y,0,,0,No
NAM,SHADE,2,10,7,32,0,0,0,1,Y,0,,0,No
NAM,SHADE,2,10,8,0,0,0,0,0,N,0,,0,No
NAM,SHADE,3,1,1,0,9,1,0,1,Y,0,,0,No
NAM,SHADE,3,1,2,0,28,3,0,1,Y,0,,0,No
NAM,SHADE,3,1,3,6,0,0,0,2,Y,0,,0,No
NAM,SHADE,3,1,4,14,0,0,0,1,Y,0,,0,No
NAM,SHADE,3,1,5,9,0,0,0,1,Y,0,,0,No
NAM,SHADE,3,1,6,0,0,0,0,2,Y,0,,0,No
NAM,SHADE,3,1,7,0,0,0,0,0,N,0,,0,No
NAM,SHADE,3,1,8,0,0,3,0,1,Y,0,,0,No
NAM,SHADE,3,2,1,0,27,0,2,1,Y,0,,0,No
NAM,SHADE,3,2,2,0,0,0,0,1,Y,0,,0,No
NAM,SHADE,3,2,3,3,0,1,3,1,Y,2,,0,No
NAM,SHADE,3,2,4,0,0,1,1,1,Y,0,,0,No
NAM,SHADE,3,2,5,19,0,0,2,1,Y,0,,0,No
NAM,SHADE,3,2,6,0,4,0,1,2,Y,0,,0,No
NAM,SHADE,3,2,7,12,0,1,2,1,Y,2,,0,No
NAM,SHADE,3,2,8,0,0,0,0,0,N,0,,0,No
NAM,SHADE,3,3,1,0,0,0,0,0,N,0,,0,No
NAM,SHADE,3,3,2,0,46,0,0,2,Y,0,,0,No
NAM,SHADE,3,3,3,4,0,1,0,2,Y,0,,0,No
NAM,SHADE,3,3,4,0,0,0,0,1,Y,1,,0,No
NAM,SHADE,3,3,5,0,0,3,3,7,Y,0,,0,No
NAM,SHADE,3,3,6,0,28,0,1,1,Y,0,,0,No
NAM,SHADE,3,3,7,4,0,1,7,1,Y,0,,0,No
NAM,SHADE,3,3,8,3,0,0,1,1,Y,2,,0,No
NAM,SHADE,3,4,1,0,0,3,0,1,Y,0,,0,No
NAM,SHADE,3,4,2,0,51,0,1,1,Y,0,,0,No
NAM,SHADE,3,4,3,25,0,0,1,1,Y,0,,0,No
NAM,SHADE,3,4,4,17,0,0,2,2,Y,0,,0,No
NAM,SHADE,3,4,5,0,49,1,2,2,Y,0,,0,No
NAM,SHADE,3,4,6,0,28,0,1,1,Y,0,,0,No
NAM,SHADE,3,4,7,0,0,0,2,1,Y,0,,0,No
NAM,SHADE,3,4,8,0,9,1,0,1,Y,1,,0,No
NAM,SHADE,3,5,1,14,0,2,0,1,Y,0,,0,No
NAM,SHADE,3,5,2,9,0,3,2,1,Y,0,,0,No
NAM,SHADE,3,5,3,0,42,0,3,1,Y,0,,0,No
NAM,SHADE,3,5,4,26,0,1,2,1,Y,0,,0,No
NAM,SHADE,3,5,5,0,14,0,2,1,Y,0,,0,No
NAM,SHADE,3,5,6,0,0,0,0,1,Y,0,,0,No
NAM,SHADE,3,5,7,0,0,0,2,1,Y,0,,0,No
NAM,SHADE,3,5,8,0,6,0,0,1,Y,0,,0,No
NAM,SHADE,3,6,1,25,0,0,0,1,Y,2,,0,No
NAM,SHADE,3,6,2,20,0,0,0,1,Y,0,,0,No
NAM,SHADE,3,6,3,0,0,0,1,1,Y,0,,0,No
NAM,SHADE,3,6,4,0,58,2,2,1,Y,0,,0,No
NAM,SHADE,3,6,5,0,84,1,0,1,Y,0,,0,No
NAM,SHADE,3,6,6,1,0,0,0,1,Y,0,,0,No
NAM,SHADE,3,6,7,0,0,0,0,0,N,0,,0,No
NAM,SHADE,3,6,8,0,4,0,1,1,Y,0,,0,No
NAM,SHADE,3,7,1,4,0,0,0,1,Y,0,,0,No
NAM,SHADE,3,7,2,0,13,1,1,1,Y,1,,0,No
NAM,SHADE,3,7,3,0,37,0,0,1,Y,1,,0,No
NAM,SHADE,3,7,4,22,0,0,1,1,Y,0,,0,No
NAM,SHADE,3,7,5,0,0,0,0,0,N,0,,0,No
NAM,SHADE,3,7,6,23,0,2,1,1,Y,0,,0,No
NAM,SHADE,3,7,7,0,4,0,1,1,Y,0,,0,No
NAM,SHADE,3,7,8,0,0,0,0,1,Y,0,,0,No
NAM,SHADE,3,8,1,4,0,0,6,1,Y,0,,0,No
NAM,SHADE,3,8,2,0,0,0,0,0,N,0,,0,No
NAM,SHADE,3,8,3,0,28,0,0,1,Y,0,,0,No
NAM,SHADE,3,8,4,0,0,0,0,1,Y,0,,0,No
NAM,SHADE,3,8,5,16,0,1,4,1,Y,2,,0,No
NAM,SHADE,3,8,6,0,67,0,1,1,Y,0,,0,No
NAM,SHADE,3,8,7,12,0,0,0,1,Y,0,,0,No
NAM,SHADE,3,8,8,0,0,1,3,1,Y,1,,0,No
NAM,SHADE,3,9,1,0,59,1,1,1,Y,1,,0,No
NAM,SHADE,3,9,2,0,42,0,0,1,Y,1,,0,No
NAM,SHADE,3,9,3,0,0,0,0,1,Y,0,,0,No
NAM,SHADE,3,9,4,0,0,0,0,0,N,0,,0,No
NAM,SHADE,3,9,5,0,44,0,0,1,Y,0,,0,No
NAM,SHADE,3,9,6,16,0,1,1,1,Y,0,,0,No
NAM,SHADE,3,9,7,6,0,0,2,1,Y,0,,0,No
NAM,SHADE,3,9,8,3,0,0,0,1,Y,0,,0,No
NAM,SHADE,3,10,1,3,0,1,4,1,Y,0,,0,No
NAM,SHADE,3,10,2,23,0,0,0,1,Y,0,,0,No
NAM,SHADE,3,10,3,19,0,1,0,1,Y,0,,0,No
NAM,SHADE,3,10,4,0,0,0,0,1,Y,0,,0,No
NAM,SHADE,3,10,5,0,40,0,6,1,Y,0,,0,No
NAM,SHADE,3,10,6,0,0,0,0,0,N,0,,0,No
NAM,SHADE,3,10,7,0,1,0,0,1,Y,0,,0,No
NAM,SHADE,3,10,8,0,22,3,0,1,Y,0,,0,No
NAM,SUN,2,1,1,0,0,0,0,0,N,0,,0,No
NAM,SUN,2,1,2,0,0,0,2,1,Y,0,,0,No
NAM,SUN,2,1,3,0,4,1,2,1,Y,0,,0,No
NAM,SUN,2,1,4,11,0,2,0,1,Y,0,,15,Yes
NAM,SUN,2,1,5,11,0,0,0,1,Y,0,,25,Yes
NAM,SUN,2,1,6,12,0,3,1,1,Y,0,,54,Yes
NAM,SUN,2,1,7,0,0,0,0,0,N,0,,23,Yes
NAM,SUN,2,1,8,0,26,0,0,1,Y,0,,8,Yes
NAM,SUN,2,2,1,0,0,1,3,1,Y,0,,77,Yes
NAM,SUN,2,2,2,0,1,6,1,1,Y,0,,171,Yes
NAM,SUN,2,2,3,0,49,1,0,1,Y,1,,8,Yes
NAM,SUN,2,2,4,0,11,0,0,1,Y,0,,20,Yes
NAM,SUN,2,2,5,0,8,0,1,1,Y,0,,8,Yes
NAM,SUN,2,2,6,14,0,0,0,1,Y,0,,18,Yes
NAM,SUN,2,2,7,5,0,0,0,1,Y,0,,6,Yes
NAM,SUN,2,2,8,3,0,0,0,1,Y,2,,5,Yes
NAM,SUN,2,3,1,0,0,0,0,0,N,0,,0,No
NAM,SUN,2,3,2,0,43,3,0,1,Y,0,,4,Yes
NAM,SUN,2,3,3,0,0,0,0,1,Y,0,,61,Yes
NAM,SUN,2,3,4,0,0,0,0,0,N,0,,0,No
NAM,SUN,2,3,5,0,0,0,0,1,Y,0,,134,Yes
NAM,SUN,2,3,6,8,0,1,0,1,Y,0,,0,No
NAM,SUN,2,3,7,0,1,0,0,1,Y,0,,2,Yes
NAM,SUN,2,3,8,0,0,0,0,0,N,0,,0,No
NAM,SUN,2,4,1,0,0,0,0,0,N,0,,0,No
NAM,SUN,2,4,2,0,0,0,0,0,N,0,,73,Yes
NAM,SUN,2,4,3,0,0,0,0,0,N,0,,6,Yes
NAM,SUN,2,4,4,0,0,0,0,0,N,0,,0,No
NAM,SUN,2,4,5,0,0,0,0,0,N,0,,9,Yes
NAM,SUN,2,4,6,11,0,0,1,1,Y,0,,9,Yes
NAM,SUN,2,4,7,0,30,0,0,1,Y,0,,4,Yes
NAM,SUN,2,4,8,0,0,0,0,0,N,0,,0,No
NAM,SUN,2,5,1,0,9,0,1,1,Y,0,,0,No
NAM,SUN,2,5,2,0,0,0,0,0,N,0,,0,No
NAM,SUN,2,5,3,0,13,0,0,1,Y,1,,4,Yes
NAM,SUN,2,5,4,11,0,0,0,1,Y,0,,7,Yes
NAM,SUN,2,5,5,0,0,0,0,0,N,0,,0,No
NAM,SUN,2,5,6,1,0,0,0,1,Y,0,,2,Yes
NAM,SUN,2,5,7,0,5,1,1,1,Y,0,,12,Yes
NAM,SUN,2,5,8,0,0,0,0,0,N,0,,3,Yes
NAM,SUN,2,6,1,0,0,0,0,0,N,0,,10,Yes
NAM,SUN,2,6,2,0,0,0,0,0,N,0,,0,No
NAM,SUN,2,6,3,10,0,0,0,1,Y,0,,6,Yes
NAM,SUN,2,6,4,0,0,0,0,1,Y,0,,14,Yes
NAM,SUN,2,6,5,0,11,0,0,1,Y,0,,6,Yes
NAM,SUN,2,6,6,0,11,0,0,1,Y,1,,5,Yes
NAM,SUN,2,6,7,0,15,0,0,1,Y,0,,8,Yes
NAM,SUN,2,6,8,0,0,0,0,1,Y,0,,0,No
NAM,SUN,2,7,1,6,0,0,0,1,Y,0,,11,Yes
NAM,SUN,2,7,2,0,0,0,0,0,N,0,,0,No
NAM,SUN,2,7,3,0,0,0,0,0,N,0,,5,Yes
NAM,SUN,2,7,4,21,0,0,0,1,Y,0,,2,Yes
NAM,SUN,2,7,5,0,14,0,0,1,Y,1,,14,Yes
NAM,SUN,2,7,6,0,11,0,0,1,Y,1,,7,Yes
NAM,SUN,2,7,7,0,5,0,0,1,Y,0,,6,Yes
NAM,SUN,2,7,8,0,0,0,0,0,N,0,,0,No
NAM,SUN,2,8,1,0,4,1,0,1,Y,0,,18,Yes
NAM,SUN,2,8,2,0,0,0,0,0,N,0,,7,Yes
NAM,SUN,2,8,3,10,0,0,0,1,Y,0,,4,Yes
NAM,SUN,2,8,4,0,0,0,0,0,N,0,,0,No
NAM,SUN,2,8,5,0,11,0,0,1,Y,0,,4,Yes
NAM,SUN,2,8,6,0,0,0,0,0,N,0,,4,Yes
NAM,SUN,2,8,7,0,2,0,0,1,Y,1,,9,Yes
NAM,SUN,2,8,8,0,11,0,0,1,Y,1,,4,Yes
NAM,SUN,2,9,1,0,10,0,0,1,Y,0,,1,Yes
NAM,SUN,2,9,2,0,3,0,0,1,Y,0,,4,Yes
NAM,SUN,2,9,3,0,0,0,0,1,Y,0,,20,Yes
NAM,SUN,2,9,4,0,0,0,0,0,N,0,,8,Yes
NAM,SUN,2,9,5,0,0,0,0,1,Y,2,,2,Yes
NAM,SUN,2,9,6,2,0,0,0,1,Y,2,,15,Yes
NAM,SUN,2,9,7,0,9,0,0,1,Y,0,,6,Yes
NAM,SUN,2,9,8,0,0,0,0,0,N,0,,0,No
NAM,SUN,2,10,1,0,0,0,0,0,N,0,,0,No
NAM,SUN,2,10,2,0,0,0,0,0,N,0,,0,No
NAM,SUN,2,10,3,0,0,1,0,1,Y,0,,4,Yes
NAM,SUN,2,10,4,0,25,0,0,1,Y,1,,4,Yes
NAM,SUN,2,10,5,0,3,0,0,1,Y,1,,16,Yes
NAM,SUN,2,10,6,0,0,0,0,1,Y,0,,44,Yes
NAM,SUN,2,10,7,0,0,0,0,0,N,0,,0,No
NAM,SUN,2,10,8,0,0,0,0,0,N,0,,0,No
NAM,SUN,3,1,1,10,0,2,0,1,Y,0,,2,Yes
NAM,SUN,3,1,2,0,0,0,0,1,Y,0,,3,Yes
NAM,SUN,3,1,3,0,11,0,2,1,Y,0,,4,Yes
NAM,SUN,3,1,4,0,20,0,0,1,Y,0,,4,Yes
NAM,SUN,3,1,5,11,0,0,0,1,Y,0,,10,Yes
NAM,SUN,3,1,6,0,12,2,0,1,Y,0,,4,Yes
NAM,SUN,3,1,7,6,0,2,0,1,Y,0,,6,Yes
NAM,SUN,3,1,8,0,0,0,0,0,N,0,,0,No
NAM,SUN,3,2,1,0,0,0,0,0,N,0,,0,No
NAM,SUN,3,2,2,11,0,1,0,1,Y,0,,0,No
NAM,SUN,3,2,3,17,0,5,0,1,Y,2,,5,Yes
NAM,SUN,3,2,4,0,0,0,0,1,Y,0,,8,Yes
NAM,SUN,3,2,5,24,0,2,0,4,Y,0,,29,Yes
NAM,SUN,3,2,6,0,26,4,0,1,Y,1,,6,Yes
NAM,SUN,3,2,7,0,1,0,0,1,Y,0,,0,No
NAM,SUN,3,2,8,0,12,0,0,1,Y,0,,8,Yes
NAM,SUN,3,3,1,0,0,0,0,0,N,0,,0,No
NAM,SUN,3,3,2,0,0,0,0,0,N,0,,0,No
NAM,SUN,3,3,3,5,0,1,2,1,Y,2,,2,Yes
NAM,SUN,3,3,4,0,17,0,0,1,Y,0,,5,Yes
NAM,SUN,3,3,5,16,0,0,0,1,Y,0,,9,Yes
NAM,SUN,3,3,6,0,18,4,0,1,Y,0,,3,Yes
NAM,SUN,3,3,7,0,10,0,0,1,Y,0,,6,Yes
NAM,SUN,3,3,8,0,0,0,0,0,N,0,,0,No
NAM,SUN,3,4,1,24,0,0,0,1,Y,0,,6,Yes
NAM,SUN,3,4,2,0,0,0,0,0,N,0,,36,Yes
NAM,SUN,3,4,3,2,0,4,0,1,Y,0,,4,Yes
NAM,SUN,3,4,4,0,10,1,0,1,Y,1,,8,Yes
NAM,SUN,3,4,5,0,0,0,0,0,N,0,,0,No
NAM,SUN,3,4,6,0,7,2,1,1,Y,0,,4,Yes
NAM,SUN,3,4,7,21,0,2,1,1,Y,2,,5,Yes
NAM,SUN,3,4,8,0,17,0,1,1,Y,1,,0,No
NAM,SUN,3,5,1,14,0,0,0,2,Y,0,,5,Yes
NAM,SUN,3,5,2,8,0,4,0,1,Y,0,,6,Yes
NAM,SUN,3,5,3,0,0,0,0,0,N,0,,0,No
NAM,SUN,3,5,4,0,0,4,0,1,Y,0,,7,Yes
NAM,SUN,3,5,5,5,0,4,0,1,Y,0,,4,Yes
NAM,SUN,3,5,6,0,0,0,0,1,Y,1,,7,Yes
NAM,SUN,3,5,7,0,21,2,0,1,Y,0,,0,No
NAM,SUN,3,5,8,0,7,2,1,1,Y,1,,0,No
NAM,SUN,3,6,1,0,47,0,0,1,Y,0,,1,Yes
NAM,SUN,3,6,2,0,0,0,0,1,Y,0,,9,Yes
NAM,SUN,3,6,3,11,0,0,0,1,Y,0,,4,Yes
NAM,SUN,3,6,4,0,0,0,0,0,N,0,,0,No
NAM,SUN,3,6,5,27,0,0,15,1,Y,0,,2,Yes
NAM,SUN,3,6,6,0,19,1,0,1,Y,1,,3,Yes
NAM,SUN,3,6,7,0,0,0,0,1,Y,2,,4,Yes
NAM,SUN,3,6,8,0,0,0,0,1,Y,0,,4,Yes
NAM,SUN,3,7,1,13,0,0,0,1,Y,2,,15,Yes
NAM,SUN,3,7,2,0,27,0,0,1,Y,0,,1,Yes
NAM,SUN,3,7,3,0,12,0,1,1,Y,0,,4,Yes
NAM,SUN,3,7,4,18,0,0,4,1,Y,0,,4,Yes
NAM,SUN,3,7,5,0,0,0,0,0,N,0,,0,No
NAM,SUN,3,7,6,17,0,1,0,1,Y,0,,6,Yes
NAM,SUN,3,7,7,0,18,1,1,1,Y,0,,6,Yes
NAM,SUN,3,7,8,0,0,0,0,1,Y,0,,7,Yes
NAM,SUN,3,8,1,0,0,0,0,0,N,0,,0,No
NAM,SUN,3,8,2,0,36,0,0,1,Y,0,,9,Yes
NAM,SUN,3,8,3,23,0,0,0,1,Y,0,,0,No
NAM,SUN,3,8,4,0,9,0,0,1,Y,0,CHANGE TO TROR IWR,2,Yes
NAM,SUN,3,8,5,33,0,6,0,1,Y,0,,7,Yes
NAM,SUN,3,8,6,0,0,0,0,1,Y,0,,2,Yes
NAM,SUN,3,8,7,0,1,3,2,1,Y,0,,6,Yes
NAM,SUN,3,8,8,7,0,0,0,1,Y,0,,8,Yes
NAM,SUN,3,9,1,17,0,0,1,1,Y,0,,9,Yes
NAM,SUN,3,9,2,16,0,0,0,1,Y,2,,16,Yes
NAM,SUN,3,9,3,0,32,0,0,1,Y,0,,10,Yes
NAM,SUN,3,9,4,0,16,0,0,1,Y,1,,3,Yes
NAM,SUN,3,9,5,0,0,0,0,1,Y,0,,10,Yes
NAM,SUN,3,9,6,17,0,0,0,1,Y,0,,0,No
NAM,SUN,3,9,7,20,0,1,0,1,Y,0,CHECK NUMBER,0,No
NAM,SUN,3,9,8,0,20,0,0,1,Y,0,,4,Yes
NAM,SUN,3,10,1,20,0,0,0,1,Y,0,,7,Yes
NAM,SUN,3,10,2,18,0,0,0,1,Y,0,,15,Yes
NAM,SUN,3,10,3,27,0,0,0,1,Y,0,,3,Yes
NAM,SUN,3,10,4,0,27,0,0,1,Y,0,,3,Yes
NAM,SUN,3,10,5,0,0,0,0,0,N,0,,6,Yes
NAM,SUN,3,10,6,0,0,0,0,0,N,0,,8,Yes
NAM,SUN,3,10,7,0,32,0,0,1,Y,0,,3,Yes
NAM,SUN,3,10,8,0,25,0,0,1,Y,0,,3,Yes
NAM,SHADE,1,1,1,0,0,0,0,0,N,0,,0,No
NAM,SHADE,1,1,2,0,0,0,0,0,N,0,,0,No
NAM,SHADE,1,1,3,0,0,0,0,0,N,0,,0,No
NAM,SHADE,1,1,4,0,10,0,0,1,Y,0,,0,No
NAM,SHADE,1,1,5,3,0,0,0,1,Y,0,,0,No
NAM,SHADE,1,1,6,0,17,0,0,1,Y,0,,0,No
NAM,SHADE,1,1,7,7,0,2,0,1,Y,0,,0,No
NAM,SHADE,1,1,8,0,1,0,0,1,Y,0,,0,No
NAM,SHADE,1,2,1,0,0,0,0,0,N,0,,0,No
NAM,SHADE,1,2,2,0,0,0,0,0,N,0,,0,No
NAM,SHADE,1,2,3,0,0,0,0,0,N,0,,0,No
NAM,SHADE,1,2,4,0,0,0,0,0,N,0,,0,No
NAM,SHADE,1,2,5,0,0,0,0,0,N,0,,0,No
NAM,SHADE,1,2,6,0,0,0,0,0,N,0,,0,No
NAM,SHADE,1,2,7,0,0,0,0,0,N,0,,0,No
NAM,SHADE,1,2,8,0,0,0,0,0,N,0,,0,No
NAM,SHADE,1,3,1,0,0,0,0,0,N,0,,0,No
NAM,SHADE,1,3,2,0,0,0,0,0,N,0,,0,No
NAM,SHADE,1,3,3,0,0,0,0,1,Y,2,,0,No
NAM,SHADE,1,3,4,0,1,0,0,1,Y,0,,0,No
NAM,SHADE,1,3,5,0,0,0,0,0,N,0,,0,No
NAM,SHADE,1,3,6,0,0,0,0,0,N,0,,0,No
NAM,SHADE,1,3,7,0,0,0,0,0,N,0,,0,No
NAM,SHADE,1,3,8,0,0,0,0,0,N,0,,0,No
NAM,SHADE,1,4,1,0,0,0,0,0,N,0,,0,No
NAM,SHADE,1,4,2,0,0,0,0,0,N,0,,0,No
NAM,SHADE,1,4,3,0,0,0,0,0,N,0,,0,No
NAM,SHADE,1,4,4,0,0,0,0,0,N,0,,0,No
NAM,SHADE,1,4,5,0,0,0,0,0,N,0,,0,No
NAM,SHADE,1,4,6,0,4,0,0,1,Y,0,,0,No
NAM,SHADE,1,4,7,0,0,0,0,0,N,0,,0,No
NAM,SHADE,1,4,8,0,0,0,0,0,N,0,,0,No
NAM,SHADE,1,5,1,0,0,0,0,0,N,0,,0,No
NAM,SHADE,1,5,2,0,0,0,0,0,N,0,,0,No
NAM,SHADE,1,5,3,0,0,0,0,0,N,0,,0,No
NAM,SHADE,1,5,4,0,0,0,0,0,N,0,,0,No
NAM,SHADE,1,5,5,0,0,0,0,0,N,0,,0,No
NAM,SHADE,1,5,6,0,0,0,0,0,N,0,,0,No
NAM,SHADE,1,5,7,0,0,0,0,1,Y,0,,0,No
NAM,SHADE,1,5,8,0,0,0,0,0,N,0,,0,No
NAM,SHADE,1,6,1,0,0,0,0,0,N,0,,0,No
NAM,SHADE,1,6,2,0,0,0,0,0,N,0,,0,No
NAM,SHADE,1,6,3,0,0,0,0,0,N,0,,0,No
NAM,SHADE,1,6,4,0,0,0,0,0,N,0,,0,No
NAM,SHADE,1,6,5,0,0,0,0,0,N,0,,0,No
NAM,SHADE,1,6,6,0,0,0,0,0,N,0,,0,No
NAM,SHADE,1,6,7,0,0,0,0,0,N,0,,0,No
NAM,SHADE,1,6,8,0,0,0,0,0,N,0,,0,No
NAM,SHADE,1,7,1,0,0,0,0,0,N,0,,0,No
NAM,SHADE,1,7,2,0,0,0,0,0,N,0,,0,No
NAM,SHADE,1,7,3,0,0,0,0,0,N,0,,0,No
NAM,SHADE,1,7,4,0,0,0,0,0,N,0,,0,No
NAM,SHADE,1,7,5,0,0,0,0,0,N,0,,0,No
NAM,SHADE,1,7,6,0,4,0,0,1,Y,0,,0,No
NAM,SHADE,1,7,7,0,0,0,0,0,N,0,,0,No
NAM,SHADE,1,7,8,0,0,0,0,1,Y,1,,0,No
NAM,SHADE,1,8,1,0,0,0,0,0,N,0,,0,No
NAM,SHADE,1,8,2,0,0,0,0,0,N,0,,0,No
NAM,SHADE,1,8,3,0,0,0,0,0,N,0,,0,No
NAM,SHADE,1,8,4,0,0,0,0,0,N,0,,0,No
NAM,SHADE,1,8,5,0,0,0,0,0,N,0,,0,No
NAM,SHADE,1,8,6,0,0,0,0,0,N,0,,0,No
NAM,SHADE,1,8,7,0,0,0,0,0,N,0,,0,No
NAM,SHADE,1,8,8,0,0,0,0,0,N,0,,0,No
NAM,SHADE,1,9,1,0,0,0,0,0,N,0,,0,No
NAM,SHADE,1,9,2,0,0,0,0,0,N,0,,0,No
NAM,SHADE,1,9,3,0,0,0,0,0,N,0,,0,No
NAM,SHADE,1,9,4,0,0,0,0,0,N,0,,0,No
NAM,SHADE,1,9,5,0,0,0,0,0,N,0,,0,No
NAM,SHADE,1,9,6,0,0,0,0,0,N,0,,0,No
NAM,SHADE,1,9,7,0,0,0,0,0,N,0,,0,No
NAM,SHADE,1,9,8,0,0,0,0,0,N,0,,0,No
NAM,SHADE,1,10,1,0,0,0,0,0,N,0,,0,No
NAM,SHADE,1,10,2,0,0,0,0,0,N,0,,0,No
NAM,SHADE,1,10,3,0,0,0,0,1,Y,2,,0,No
NAM,SHADE,1,10,4,0,0,0,0,0,N,0,,0,No
NAM,SHADE,1,10,5,0,0,0,0,0,N,0,,0,No
NAM,SHADE,1,10,6,0,0,0,0,0,N,0,,0,No
NAM,SHADE,1,10,7,0,0,0,0,0,N,0,,0,No
NAM,SHADE,1,10,8,0,0,0,0,0,N,0,,0,No
NAM,SUN,1,1,1,0,5,0,0,1,Y,1,,30,Yes
NAM,SUN,1,1,2,0,0,1,1,1,Y,1,,0,No
NAM,SUN,1,1,3,0,1,0,0,1,Y,0,,135,Yes
NAM,SUN,1,1,4,0,1,0,0,1,Y,0,,57,Yes
NAM,SUN,1,1,5,0,0,0,1,1,Y,1,,0,No
NAM,SUN,1,1,6,0,8,1,2,1,Y,0,,98,Yes
NAM,SUN,1,1,7,0,0,0,0,0,N,0,,0,No
NAM,SUN,1,1,8,3,0,0,2,1,Y,0,,4,Yes
NAM,SUN,1,2,1,0,0,0,0,1,Y,0,,90,Yes
NAM,SUN,1,2,2,0,0,0,0,0,N,0,,0,No
NAM,SUN,1,2,3,2,0,2,0,1,Y,0,,0,No
NAM,SUN,1,2,4,0,0,0,0,0,N,0,,0,No
NAM,SUN,1,2,5,0,7,0,0,1,Y,0,,30,Yes
NAM,SUN,1,2,6,0,0,0,0,1,Y,0,ONE INFLOR BROKEN,4,Yes
NAM,SUN,1,2,7,6,0,0,1,1,Y,0,,9,Yes
NAM,SUN,1,2,8,0,2,0,2,1,Y,0,,0,No
NAM,SUN,1,3,1,0,1,0,0,1,Y,0,,51,Yes
NAM,SUN,1,3,2,0,0,0,0,0,N,0,,0,No
NAM,SUN,1,3,3,2,0,0,0,1,Y,0,,6,Yes
NAM,SUN,1,3,4,0,4,1,0,1,Y,0,,3,Yes
NAM,SUN,1,3,5,0,7,0,4,1,Y,0,,3,Yes
NAM,SUN,1,3,6,12,0,0,3,1,Y,0,,30,Yes
NAM,SUN,1,3,7,2,0,0,4,1,Y,0,,45,Yes
NAM,SUN,1,3,8,0,0,0,0,0,N,0,,8,Yes
NAM,SUN,1,4,1,0,0,0,0,1,Y,2,,162,Yes
NAM,SUN,1,4,2,0,0,1,0,2,Y,0,,55,Yes
NAM,SUN,1,4,3,0,0,0,0,1,Y,1,,0,No
NAM,SUN,1,4,4,0,0,0,0,1,Y,0,,96,Yes
NAM,SUN,1,4,5,0,1,0,0,1,Y,0,,5,Yes
NAM,SUN,1,4,6,0,34,0,2,1,Y,0,,14,Yes
NAM,SUN,1,4,7,2,0,0,0,1,Y,0,,56,Yes
NAM,SUN,1,4,8,0,0,0,0,1,Y,0,,0,No
NAM,SUN,1,5,1,15,0,5,0,2,Y,0,,64,Yes
NAM,SUN,1,5,2,0,17,5,0,0,Y,0,,69,Yes
NAM,SUN,1,5,3,0,0,0,0,0,N,0,,0,No
NAM,SUN,1,5,4,0,10,0,0,1,Y,0,,6,Yes
NAM,SUN,1,5,5,4,0,0,1,1,Y,0,,32,Yes
NAM,SUN,1,5,6,0,1,0,2,1,Y,0,,16,Yes
NAM,SUN,1,5,7,0,0,0,2,1,Y,0,,123,Yes
NAM,SUN,1,5,8,7,0,1,1,6,Y,0,,36,Yes
NAM,SUN,1,6,1,0,0,0,0,0,N,0,,0,No
NAM,SUN,1,6,2,7,0,1,1,1,Y,0,,17,Yes
NAM,SUN,1,6,3,0,16,0,1,1,Y,0,,15,Yes
NAM,SUN,1,6,4,2,0,0,0,1,Y,0,,3,Yes
NAM,SUN,1,6,5,17,0,1,3,1,Y,0,,8,Yes
NAM,SUN,1,6,6,0,0,2,2,1,Y,0,,162,Yes
NAM,SUN,1,6,7,0,0,0,0,0,N,0,,0,No
NAM,SUN,1,6,8,0,2,0,6,1,Y,0,,21,Yes
NAM,SUN,1,7,1,0,10,5,3,1,Y,1,,21,Yes
NAM,SUN,1,7,2,0,0,0,0,0,N,0,,0,No
NAM,SUN,1,7,3,25,0,0,1,1,Y,0,,16,Yes
NAM,SUN,1,7,4,18,0,1,0,1,Y,0,,38,Yes
NAM,SUN,1,7,5,7,0,0,3,1,Y,0,,6,Yes
NAM,SUN,1,7,6,0,0,0,0,1,Y,0,,144,Yes
NAM,SUN,1,7,7,0,8,0,2,1,Y,0,,40,Yes
NAM,SUN,1,7,8,0,0,0,0,0,N,0,,41,Yes
NAM,SUN,1,8,1,0,22,4,1,1,Y,1,,17,Yes
NAM,SUN,1,8,2,17,0,7,1,1,Y,0,,28,Yes
NAM,SUN,1,8,3,0,0,3,5,1,Y,2,,39,Yes
NAM,SUN,1,8,4,24,0,0,8,1,Y,0,,10,Yes
NAM,SUN,1,8,5,0,49,0,2,1,Y,0,,44,Yes
NAM,SUN,1,8,6,0,0,0,2,1,Y,0,,80,Yes
NAM,SUN,1,8,7,0,0,0,0,0,N,0,,37,Yes
NAM,SUN,1,8,8,0,0,0,0,0,N,0,,0,No
NAM,SUN,1,9,1,2,0,0,3,1,Y,2,,41,Yes
NAM,SUN,1,9,2,0,0,0,0,0,N,0,,0,No
NAM,SUN,1,9,3,0,0,0,0,0,N,0,,0,No
NAM,SUN,1,9,4,0,9,1,12,1,Y,1,,52,Yes
NAM,SUN,1,9,5,2,0,0,2,1,Y,0,,2,Yes
NAM,SUN,1,9,6,0,47,1,5,1,Y,0,,14,Yes
NAM,SUN,1,9,7,0,10,17,6,1,Y,0,,8,Yes
NAM,SUN,1,9,8,5,0,0,6,1,Y,2,,12,Yes
NAM,SUN,1,10,1,0,24,0,0,1,Y,1,,11,Yes
NAM,SUN,1,10,2,0,27,0,0,1,Y,0,,12,Yes
NAM,SUN,1,10,3,6,0,0,0,1,Y,2,,18,Yes
NAM,SUN,1,10,4,7,0,4,1,1,Y,0,,18,Yes
NAM,SUN,1,10,5,0,14,0,0,1,Y,0,,19,Yes
NAM,SUN,1,10,6,0,0,0,0,0,N,0,,0,No
NAM,SUN,1,10,7,0,0,0,0,0,N,0,,0,No
NAM,SUN,1,10,8,1,0,0,0,1,Y,0,,6,Yes
GH,SUN,1,1,1,0,18,1,2,1,Y,0,,5,Yes
GH,SUN,1,1,2,14,0,0,1,1,Y,0,,7,Yes
GH,SUN,1,1,3,0,3,1,0,1,Y,0,,13,Yes
GH,SUN,1,1,4,0,0,0,0,0,N,0,,0,No
GH,SUN,1,1,5,0,0,0,0,0,N,0,,0,No
GH,SUN,1,1,6,0,0,0,0,0,N,0,,0,No
GH,SUN,1,1,7,0,0,0,0,0,N,0,,0,No
GH,SUN,1,1,8,0,0,0,0,0,N,0,,0,No
GH,SUN,1,2,1,0,0,0,1,1,Y,0,,20,Yes
GH,SUN,1,2,2,0,24,0,0,1,Y,0,,0,No
GH,SUN,1,2,3,0,0,0,0,1,Y,0,,10,Yes
GH,SUN,1,2,4,2,0,0,1,1,Y,0,,5,Yes
GH,SUN,1,2,5,0,0,0,0,0,N,0,,0,No
GH,SUN,1,2,6,0,0,0,0,0,N,0,,0,No
GH,SUN,1,2,7,0,0,0,0,0,N,0,,4,Yes
GH,SUN,1,2,8,0,0,0,0,0,N,0,,0,No
GH,SUN,1,3,1,0,12,0,0,1,Y,0,,11,Yes
GH,SUN,1,3,2,10,0,0,2,1,Y,0,,4,Yes
GH,SUN,1,3,3,0,0,0,1,1,Y,0,,17,Yes
GH,SUN,1,3,4,0,1,0,0,1,Y,0,,4,Yes
GH,SUN,1,3,5,0,0,0,0,0,N,0,,0,No
GH,SUN,1,3,6,0,0,0,0,0,N,0,,0,No
GH,SUN,1,3,7,0,19,0,0,1,Y,0,,8,Yes
GH,SUN,1,3,8,1,0,0,0,1,Y,0,,9,Yes
GH,SUN,1,4,1,17,0,0,1,1,Y,0,,21,Yes
GH,SUN,1,4,2,0,0,0,0,1,Y,0,,12,Yes
GH,SUN,1,4,3,0,6,0,2,1,Y,0,,9,Yes
GH,SUN,1,4,4,0,0,0,0,0,N,0,,0,No
GH,SUN,1,4,5,0,0,0,0,0,N,0,,0,No
GH,SUN,1,4,6,0,0,0,0,0,N,0,,0,No
GH,SUN,1,4,7,0,8,1,0,1,Y,0,,4,Yes
GH,SUN,1,4,8,0,12,0,0,1,Y,0,,6,Yes
GH,SUN,1,5,1,0,10,0,1,1,Y,1,,7,Yes
GH,SUN,1,5,2,0,0,0,0,0,N,0,,8,Yes
GH,SUN,1,5,3,0,0,0,0,0,N,0,,0,No
GH,SUN,1,5,4,5,0,0,1,1,Y,0,,0,No
GH,SUN,1,5,5,0,8,0,0,1,Y,0,,6,Yes
GH,SUN,1,5,6,0,0,0,0,0,N,0,,0,No
GH,SUN,1,5,7,0,0,0,0,0,N,0,,0,No
GH,SUN,1,5,8,0,0,0,0,0,N,0,,0,No
GH,SUN,1,6,1,0,0,0,0,0,Y,0,,0,No
GH,SUN,1,6,2,0,10,0,0,1,Y,0,,5,Yes
GH,SUN,1,6,3,0,2,0,3,0,Y,0,,29,Yes
GH,SUN,1,6,4,4,0,0,0,1,Y,0,,17,Yes
GH,SUN,1,6,5,0,0,0,0,0,Y,0,,0,No
GH,SUN,1,6,6,0,0,0,0,0,Y,0,,0,No
GH,SUN,1,6,7,0,7,0,0,1,Y,0,,8,Yes
GH,SUN,1,6,8,0,0,0,0,1,Y,0,,11,Yes
GH,SUN,1,7,1,0,0,0,0,0,Y,0,,0,No
GH,SUN,1,7,2,0,0,0,0,2,Y,0,,0,No
GH,SUN,1,7,3,15,0,0,2,1,Y,0,,0,Yes
GH,SUN,1,7,4,0,16,0,0,1,Y,0,,8,Yes
GH,SUN,1,7,5,0,0,0,0,1,Y,0,,32,Yes
GH,SUN,1,7,6,13,0,0,1,1,Y,0,,9,Yes
GH,SUN,1,7,7,9,0,0,2,2,Y,0,,25,Yes
GH,SUN,1,7,8,0,0,0,2,1,Y,0,,32,Yes
GH,SUN,1,8,1,3,0,0,0,1,Y,0,,11,Yes
GH,SUN,1,8,2,0,10,0,0,1,Y,0,,0,No
GH,SUN,1,8,3,9,0,0,0,1,Y,0,,8,Yes
GH,SUN,1,8,4,0,0,1,0,1,Y,0,,11,Yes
GH,SUN,1,8,5,3,0,0,0,1,Y,0,,0,No
GH,SUN,1,8,6,0,16,0,0,1,Y,0,,6,Yes
GH,SUN,1,8,7,0,22,0,1,1,Y,0,,4,Yes
GH,SUN,1,8,8,0,0,0,0,0,N,0,,0,No
GH,SUN,1,9,1,9,0,0,0,1,Y,0,,0,No
GH,SUN,1,9,2,0,0,0,0,0,N,0,,0,No
GH,SUN,1,9,3,9,0,0,0,1,Y,0,,9,Yes
GH,SUN,1,9,4,0,24,0,0,1,Y,0,,0,No
GH,SUN,1,9,5,0,0,0,0,1,Y,0,,0,No
GH,SUN,1,9,6,0,4,0,0,1,Y,0,,7,Yes
GH,SUN,1,9,7,8,0,0,1,1,Y,0,,4,Yes
GH,SUN,1,9,8,0,9,1,1,1,Y,0,,34,Yes
GH,SUN,1,10,1,0,20,0,1,1,Y,0,,25,Yes
GH,SUN,1,10,2,0,4,0,0,1,Y,0,,0,No
GH,SUN,1,10,3,0,0,0,0,0,N,0,,0,No
GH,SUN,1,10,4,0,0,0,0,0,N,0,,0,No
GH,SUN,1,10,5,13,0,0,0,1,Y,0,,0,No
GH,SUN,1,10,6,0,0,0,0,0,N,0,,4,Yes
GH,SUN,1,10,7,4,0,0,0,1,Y,0,,9,Yes
GH,SUN,1,10,8,0,0,0,0,1,Y,0,,36,Yes
GH,SHADE,2,1,1,0,0,0,13,1,Y,0,,0,No
GH,SHADE,2,1,2,23,0,0,0,1,Y,0,,0,No
GH,SHADE,2,1,3,0,1,0,0,1,Y,0,,0,No
GH,SHADE,2,1,4,0,5,0,0,1,Y,0,,0,No
GH,SHADE,2,1,5,0,2,1,1,1,Y,1,,0,No
GH,SHADE,2,1,6,7,0,0,0,1,Y,0,,0,No
GH,SHADE,2,1,7,0,0,0,0,2,Y,0,,0,No
GH,SHADE,2,1,8,11,0,0,0,2,Y,0,,0,No
GH,SHADE,2,2,1,0,0,0,2,1,Y,0,,0,No
GH,SHADE,2,2,2,0,0,0,0,1,Y,0,,0,No
GH,SHADE,2,2,3,0,8,0,0,1,Y,0,,0,No
GH,SHADE,2,2,4,0,0,0,0,0,N,0,,0,No
GH,SHADE,2,2,5,9,0,0,0,2,Y,0,,0,No
GH,SHADE,2,2,6,0,7,0,0,1,Y,1,,0,No
GH,SHADE,2,2,7,7,0,0,0,1,Y,0,,0,No
GH,SHADE,2,2,8,0,10,0,0,1,Y,0,,0,No
GH,SHADE,2,3,1,0,17,0,0,1,Y,1,,0,No
GH,SHADE,2,3,2,0,0,0,0,1,Y,1,,0,No
GH,SHADE,2,3,3,0,0,0,1,1,Y,0,,0,No
GH,SHADE,2,3,4,0,0,0,0,1,Y,0,,0,No
GH,SHADE,2,3,5,27,0,1,0,3,Y,0,,0,No
GH,SHADE,2,3,6,0,8,0,0,1,Y,0,,0,No
GH,SHADE,2,3,7,0,2,0,1,1,Y,0,,0,No
GH,SHADE,2,3,8,5,0,0,0,1,Y,1,CHANGE TO TRCY IWR,0,No
GH,SHADE,2,4,1,28,0,0,1,1,Y,0,,0,No
GH,SHADE,2,4,2,0,10,0,1,1,Y,0,,0,No
GH,SHADE,2,4,3,17,0,0,1,1,Y,0,,0,No
GH,SHADE,2,4,4,0,0,0,0,1,Y,0,,0,No
GH,SHADE,2,4,5,0,5,0,1,1,Y,1,,0,No
GH,SHADE,2,4,6,0,0,0,0,0,N,0,,0,No
GH,SHADE,2,4,7,0,0,0,2,1,Y,1,,0,No
GH,SHADE,2,4,8,14,0,0,0,1,Y,0,5 MISSING STEM,0,No
GH,SHADE,2,5,1,0,17,0,0,2,Y,0,,0,No
GH,SHADE,2,5,2,15,0,0,0,1,Y,0,,0,No
GH,SHADE,2,5,3,0,0,0,0,1,Y,0,,0,No
GH,SHADE,2,5,4,9,0,0,1,2,Y,0,,0,No
GH,SHADE,2,5,5,0,0,0,0,0,N,0,,0,No
GH,SHADE,2,5,6,0,3,0,0,1,Y,0,,0,No
GH,SHADE,2,5,7,0,1,0,0,1,Y,0,,0,No
GH,SHADE,2,5,8,5,0,0,0,1,Y,2,,0,No
GH,SHADE,2,6,1,19,0,0,1,3,Y,0,,0,No
GH,SHADE,2,6,2,0,0,0,1,1,Y,0,,0,No
GH,SHADE,2,6,3,0,10,1,10,1,Y,0,,0,No
GH,SHADE,2,6,4,0,0,1,4,1,Y,0,,0,No
GH,SHADE,2,6,5,0,38,0,1,2,Y,0,,0,No
GH,SHADE,2,6,6,7,0,0,2,1,Y,0,,0,No
GH,SHADE,2,6,7,10,0,0,0,2,Y,0,,0,No
GH,SHADE,2,6,8,0,2,0,1,1,Y,0,,0,No
GH,SHADE,2,7,1,29,0,0,4,1,Y,0,,0,No
GH,SHADE,2,7,2,18,0,1,1,1,Y,0,,0,No
GH,SHADE,2,7,3,0,19,0,2,1,Y,0,,0,No
GH,SHADE,2,7,4,0,0,0,2,1,Y,0,,0,No
GH,SHADE,2,7,5,34,0,0,7,1,Y,2,,0,No
GH,SHADE,2,7,6,0,5,0,0,1,Y,0,,0,No
GH,SHADE,2,7,7,0,0,0,0,0,N,0,,0,No
GH,SHADE,2,7,8,0,0,0,2,1,Y,1,,0,No
GH,SHADE,2,8,1,0,28,2,3,1,Y,2,,0,No
GH,SHADE,2,8,2,31,0,0,0,1,Y,0,,0,No
GH,SHADE,2,8,3,11,0,0,1,1,Y,0,,0,No
GH,SHADE,2,8,4,0,0,0,0,1,Y,0,,0,No
GH,SHADE,2,8,5,22,0,3,0,1,Y,0,,0,No
GH,SHADE,2,8,6,0,0,0,0,0,N,1,,0,No
GH,SHADE,2,8,7,0,3,0,0,1,Y,0,,0,No
GH,SHADE,2,8,8,0,0,0,0,0,N,0,,0,No
GH,SHADE,2,9,1,16,0,0,1,1,Y,0,,0,No
GH,SHADE,2,9,2,6,0,0,1,1,Y,0,,0,No
GH,SHADE,2,9,3,0,0,0,0,0,N,0,,0,No
GH,SHADE,2,9,4,0,0,0,0,1,Y,0,,0,No
GH,SHADE,2,9,5,17,0,0,1,1,Y,0,,0,No
GH,SHADE,2,9,6,0,6,0,0,1,Y,0,,0,No
GH,SHADE,2,9,7,0,4,1,2,1,Y,0,,0,No
GH,SHADE,2,9,8,0,19,0,0,1,Y,0,,0,No
GH,SHADE,2,10,1,0,1,1,0,1,Y,0,,0,No
GH,SHADE,2,10,2,2,0,0,1,5,Y,0,,0,No
GH,SHADE,2,10,3,0,0,0,0,0,N,0,,0,No
GH,SHADE,2,10,4,0,0,0,0,0,N,0,,0,No
GH,SHADE,2,10,5,20,0,0,0,2,Y,0,,0,No
GH,SHADE,2,10,6,0,0,0,0,0,N,0,,0,No
GH,SHADE,2,10,7,0,0,0,0,0,N,0,,0,No
GH,SHADE,2,10,8,0,0,0,0,0,N,0,,0,No
GH,SUN,3,1,1,0,13,0,0,1,Y,0,,0,Yes
GH,SUN,3,1,2,0,0,0,0,1,Y,0,,10,Yes
GH,SUN,3,1,3,0,0,0,0,0,N,0,,0,No
GH,SUN,3,1,4,0,0,0,0,0,N,0,,0,No
GH,SUN,3,1,5,5,0,0,4,2,Y,0,,12,Yes
GH,SUN,3,1,6,0,22,0,0,1,Y,0,,5,Yes
GH,SUN,3,1,7,0,0,0,2,1,Y,1,,10,Yes
GH,SUN,3,1,8,8,0,0,0,1,Y,0,,6,Yes
GH,SUN,3,2,1,0,0,0,0,2,Y,0,,19,Yes
GH,SUN,3,2,2,0,1,0,0,1,Y,0,,0,No
GH,SUN,3,2,3,0,8,0,0,1,Y,0,,10,Yes
GH,SUN,3,2,4,0,0,0,0,0,N,0,,12,Yes
GH,SUN,3,2,5,0,0,0,0,0,N,0,,0,No
GH,SUN,3,2,6,0,8,0,7,1,Y,0,,4,Yes
GH,SUN,3,2,7,7,0,0,7,1,Y,0,,7,Yes
GH,SUN,3,2,8,7,0,2,4,2,Y,0,,11,Yes
GH,SUN,3,3,1,0,15,0,1,1,Y,0,,4,Yes
GH,SUN,3,3,2,0,0,0,0,1,Y,0,,11,Yes
GH,SUN,3,3,3,2,0,0,0,1,Y,0,,5,Yes
GH,SUN,3,3,4,0,0,0,0,0,N,0,,0,No
GH,SUN,3,3,5,0,0,0,0,0,N,0,,0,No
GH,SUN,3,3,6,0,0,0,0,0,N,0,,0,No
GH,SUN,3,3,7,0,0,1,0,1,Y,0,,10,Yes
GH,SUN,3,3,8,0,0,0,0,0,N,0,,0,No
GH,SUN,3,4,1,0,0,0,0,0,N,0,,0,No
GH,SUN,3,4,2,0,6,0,0,1,Y,0,,2,Yes
GH,SUN,3,4,3,4,0,0,0,1,Y,2,,6,Yes
GH,SUN,3,4,4,0,10,0,3,1,Y,0,,24,Yes
GH,SUN,3,4,5,11,0,0,4,1,Y,0,,4,Yes
GH,SUN,3,4,6,0,5,0,2,1,Y,0,,4,Yes
GH,SUN,3,4,7,1,0,0,4,1,Y,2,,4,Yes
GH,SUN,3,4,8,0,0,0,0,1,Y,0,,3,Yes
GH,SUN,3,5,1,0,0,0,0,1,Y,0,,8,Yes
GH,SUN,3,5,2,0,0,0,0,0,N,0,,0,No
GH,SUN,3,5,3,0,4,1,0,1,Y,0,,12,Yes
GH,SUN,3,5,4,8,0,0,0,1,Y,0,,7,Yes
GH,SUN,3,5,5,0,5,1,7,1,Y,0,,30,Yes
GH,SUN,3,5,6,3,0,3,3,1,Y,0,,22,Yes
GH,SUN,3,5,7,0,35,0,3,1,Y,1,,10,Yes
GH,SUN,3,5,8,0,0,0,0,0,N,0,,0,No
GH,SUN,3,6,1,0,0,0,4,1,Y,0,,20,Yes
GH,SUN,3,6,2,0,13,1,1,1,Y,0,,41,Yes
GH,SUN,3,6,3,5,0,2,4,1,Y,0,,12,Yes
GH,SUN,3,6,4,1,0,0,1,1,Y,0,,78,Yes
GH,SUN,3,6,5,0,12,9,12,1,Y,0,,36,Yes
GH,SUN,3,6,6,0,3,0,2,1,Y,0,,58,Yes
GH,SUN,3,6,7,2,0,1,2,1,Y,0,,8,Yes
GH,SUN,3,6,8,0,0,0,0,0,N,0,,0,No
GH,SUN,3,7,1,0,1,0,4,1,Y,0,,6,Yes
GH,SUN,3,7,2,0,17,0,2,1,Y,1,,33,Yes
GH,SUN,3,7,3,0,0,0,4,1,Y,0,,63,Yes
GH,SUN,3,7,4,0,0,0,0,0,N,0,,0,No
GH,SUN,3,7,5,2,0,0,4,1,Y,2,,12,Yes
GH,SUN,3,7,6,4,0,0,2,1,Y,0,,10,Yes
GH,SUN,3,7,7,0,0,0,0,0,N,0,,0,No
GH,SUN,3,7,8,0,1,0,0,1,Y,0,,18,Yes
GH,SUN,3,8,1,0,0,0,8,1,Y,1,,48,Yes
GH,SUN,3,8,2,10,0,0,4,1,Y,0,,5,Yes
GH,SUN,3,8,3,0,0,0,4,1,Y,0,,58,Yes
GH,SUN,3,8,4,0,3,0,8,1,Y,0,,6,Yes
GH,SUN,3,8,5,3,0,0,1,1,Y,0,,4,Yes
GH,SUN,3,8,6,0,0,0,0,0,Y,0,,0,No
GH,SUN,3,8,7,0,0,0,1,1,Y,1,,22,Yes
GH,SUN,3,8,8,0,1,0,2,3,Y,0,,3,Yes
GH,SUN,3,9,1,0,0,0,0,0,Y,0,,0,No
GH,SUN,3,9,2,0,0,0,0,1,Y,0,,20,Yes
GH,SUN,3,9,3,5,0,0,1,1,Y,0,,20,Yes
GH,SUN,3,9,4,0,0,0,0,0,N,0,,0,No
GH,SUN,3,9,5,0,6,0,3,1,Y,1,,16,Yes
GH,SUN,3,9,6,0,0,0,2,1,Y,2,,6,Yes
GH,SUN,3,9,7,2,0,0,1,1,Y,2,,6,Yes
GH,SUN,3,9,8,0,1,0,0,1,Y,0,,4,Yes
GH,SUN,3,10,1,11,0,0,3,2,Y,0,CHANGE TO TRCY IWR,19,Yes
GH,SUN,3,10,2,0,37,0,2,1,Y,0,,10,Yes
GH,SUN,3,10,3,0,0,1,4,1,Y,0,,101,Yes
GH,SUN,3,10,4,4,0,1,4,1,Y,0,,7,Yes
GH,SUN,3,10,5,0,15,0,2,1,Y,1,,4,Yes
GH,SUN,3,10,6,0,0,0,2,1,Y,0,,5,Yes
GH,SUN,3,10,7,0,0,0,0,0,N,0,,0,No
GH,SUN,3,10,8,0,0,0,0,0,N,0,,0,No
GH,SUN,2,1,1,0,3,0,1,1,Y,0,,33,Yes
GH,SUN,2,1,2,0,0,0,1,1,Y,0,,22,Yes
GH,SUN,2,1,3,0,19,0,0,1,Y,0,,15,Yes
GH,SUN,2,1,4,0,10,1,1,1,Y,0,,22,Yes
GH,SUN,2,1,5,8,0,0,0,1,Y,0,,20,Yes
GH,SUN,2,1,6,15,0,0,1,1,Y,0,,3,Yes
GH,SUN,2,1,7,16,0,5,3,1,Y,0,,20,Yes
GH,SUN,2,1,8,0,0,2,1,1,Y,0,,27,Yes
GH,SUN,2,2,1,8,0,0,0,1,Y,0,,35,Yes
GH,SUN,2,2,2,7,0,4,0,3,Y,0,,53,Yes
GH,SUN,2,2,3,4,0,1,3,2,Y,0,,76,Yes
GH,SUN,2,2,4,0,17,3,0,1,Y,0,,25,Yes
GH,SUN,2,2,5,0,18,1,1,1,Y,0,,49,Yes
GH,SUN,2,2,6,0,0,2,2,1,Y,0,,33,Yes
GH,SUN,2,2,7,0,5,5,1,1,Y,1,,18,Yes
GH,SUN,2,2,8,0,0,3,0,1,Y,2,,8,Yes
GH,SUN,2,3,1,0,0,0,0,0,N,0,,20,Yes
GH,SUN,2,3,2,0,0,0,0,0,N,0,,0,No
GH,SUN,2,3,3,12,0,0,0,1,Y,0,,31,Yes
GH,SUN,2,3,4,0,10,1,0,1,Y,0,,55,Yes
GH,SUN,2,3,5,0,8,3,1,1,Y,1,,44,Yes
GH,SUN,2,3,6,10,0,1,0,1,Y,0,,18,Yes
GH,SUN,2,3,7,0,28,4,0,1,Y,1,,18,Yes
GH,SUN,2,3,8,0,0,0,0,0,N,0,,0,No
GH,SUN,2,4,1,9,0,0,0,1,Y,0,,0,No
GH,SUN,2,4,2,0,7,0,0,1,Y,0,,17,Yes
GH,SUN,2,4,3,0,0,2,2,1,Y,0,,50,Yes
GH,SUN,2,4,4,0,0,0,2,1,Y,0,,82,Yes
GH,SUN,2,4,5,11,0,0,0,1,Y,0,,4,Yes
GH,SUN,2,4,6,0,17,1,0,1,Y,0,,14,Yes
GH,SUN,2,4,7,0,6,6,1,1,Y,0,,18,Yes
GH,SUN,2,4,8,6,0,2,0,3,Y,0,,8,Yes
GH,SUN,2,5,1,0,0,0,0,0,N,0,,0,No
GH,SUN,2,5,2,0,0,1,4,1,Y,1,,44,Yes
GH,SUN,2,5,3,0,7,0,5,1,Y,0,,0,No
GH,SUN,2,5,4,6,0,1,0,1,Y,0,,132,Yes
GH,SUN,2,5,5,0,38,0,0,1,Y,1,,149,Yes
GH,SUN,2,5,6,0,0,0,0,1,Y,0,,11,Yes
GH,SUN,2,5,7,13,0,2,3,1,Y,0,,8,Yes
GH,SUN,2,5,8,0,0,0,0,0,N,0,,0,No
GH,SUN,2,6,1,0,0,0,0,0,N,0,,10,Yes
GH,SUN,2,6,2,0,0,0,0,0,N,0,,0,No
GH,SUN,2,6,3,0,0,0,0,0,N,0,,0,No
GH,SUN,2,6,4,5,0,3,4,1,Y,0,,32,Yes
GH,SUN,2,6,5,15,0,0,1,2,Y,0,,60,Yes
GH,SUN,2,6,6,0,25,0,1,1,Y,0,,21,Yes
GH,SUN,2,6,7,0,25,1,1,1,Y,0,,0,No
GH,SUN,2,6,8,16,0,3,6,1,Y,0,,3,Yes
GH,SUN,2,7,1,0,11,0,6,1,Y,0,,36,Yes
GH,SUN,2,7,2,3,0,0,3,3,Y,0,,17,Yes
GH,SUN,2,7,3,4,0,0,7,1,Y,0,,32,Yes
GH,SUN,2,7,4,0,0,0,0,0,N,0,,13,Yes
GH,SUN,2,7,5,0,0,0,0,0,N,0,,5,Yes
GH,SUN,2,7,6,0,0,1,0,1,Y,0,,44,Yes
GH,SUN,2,7,7,10,0,2,6,1,Y,0,,6,Yes
GH,SUN,2,7,8,0,18,5,5,1,Y,1,,12,Yes
GH,SUN,2,8,1,0,0,0,0,0,N,0,,0,No
GH,SUN,2,8,2,0,0,0,0,0,N,0,,0,No
GH,SUN,2,8,3,0,10,0,3,1,Y,0,,26,Yes
GH,SUN,2,8,4,0,0,0,0,0,N,0,,0,No
GH,SUN,2,8,5,11,0,4,5,1,Y,0,,93,Yes
GH,SUN,2,8,6,0,27,1,1,1,Y,0,,14,Yes
GH,SUN,2,8,7,9,0,0,0,1,Y,0,,4,Yes
GH,SUN,2,8,8,0,3,0,0,2,Y,0,,13,Yes
GH,SUN,2,9,1,0,0,0,0,0,N,0,,14,Yes
GH,SUN,2,9,2,9,0,0,0,1,Y,0,,24,Yes
GH,SUN,2,9,3,0,0,0,0,1,Y,0,,8,Yes
GH,SUN,2,9,4,0,3,0,0,1,Y,0,,5,Yes
GH,SUN,2,9,5,0,0,1,0,1,Y,0,,34,Yes
GH,SUN,2,9,6,0,0,3,0,1,Y,0,,6,Yes
GH,SUN,2,9,7,0,19,0,1,1,Y,0,,8,Yes
GH,SUN,2,9,8,14,0,0,3,1,Y,2,,4,Yes
GH,SUN,2,10,1,0,8,1,0,1,Y,0,,8,Yes
GH,SUN,2,10,2,0,0,0,1,1,Y,0,,24,Yes
GH,SUN,2,10,3,3,0,0,11,2,Y,0,,6,Yes
GH,SUN,2,10,4,0,3,0,2,1,Y,0,,13,Yes
GH,SUN,2,10,5,0,0,0,0,0,N,0,,0,No
GH,SUN,2,10,6,0,3,0,0,1,Y,0,,4,Yes
GH,SUN,2,10,7,6,0,0,1,1,Y,0,,6,Yes
GH,SUN,2,10,8,3,0,4,0,1,Y,2,,6,Yes
GH,SHADE,3,1,1,4,0,0,0,1,Y,0,,0,No
GH,SHADE,3,1,2,0,0,0,0,1,Y,0,,0,No
GH,SHADE,3,1,3,0,19,0,0,1,Y,0,,0,No
GH,SHADE,3,1,4,7,0,0,0,1,Y,0,,0,No
GH,SHADE,3,1,5,0,25,0,0,1,Y,0,,0,No
GH,SHADE,3,1,6,0,7,0,0,1,Y,1,,0,No
GH,SHADE,3,1,7,0,0,0,0,1,Y,0,,0,No
GH,SHADE,3,1,8,0,0,0,0,0,N,0,,0,No
GH,SHADE,3,2,1,0,4,1,0,1,Y,1,,0,No
GH,SHADE,3,2,2,0,0,0,0,0,N,0,,0,No
GH,SHADE,3,2,3,0,33,0,4,1,Y,0,,0,No
GH,SHADE,3,2,4,0,0,0,0,0,N,0,,0,No
GH,SHADE,3,2,5,18,0,1,1,1,Y,0,,0,No
GH,SHADE,3,2,6,0,4,1,1,1,Y,0,,0,No
GH,SHADE,3,2,7,19,0,0,4,1,Y,0,,0,No
GH,SHADE,3,2,8,17,0,0,3,1,Y,0,,0,No
GH,SHADE,3,3,1,0,0,0,0,0,N,0,,0,No
GH,SHADE,3,3,2,0,0,0,0,0,N,0,,0,No
GH,SHADE,3,3,3,0,0,0,0,0,N,0,,0,No
GH,SHADE,3,3,4,0,0,0,0,0,N,0,,0,No
GH,SHADE,3,3,5,7,0,0,0,1,Y,2,,0,No
GH,SHADE,3,3,6,2,0,0,2,1,Y,0,,0,No
GH,SHADE,3,3,7,0,0,0,8,1,Y,0,,0,No
GH,SHADE,3,3,8,9,0,0,0,3,Y,0,,0,No
GH,SHADE,3,4,1,0,0,0,0,0,N,0,,0,No
GH,SHADE,3,4,2,0,0,0,0,0,N,0,,0,No
GH,SHADE,3,4,3,0,4,0,0,1,Y,0,,0,No
GH,SHADE,3,4,4,0,0,0,0,0,N,0,,0,No
GH,SHADE,3,4,5,0,0,0,0,2,Y,1,,0,No
GH,SHADE,3,4,6,0,13,1,0,1,Y,0,,0,No
GH,SHADE,3,4,7,0,0,0,0,0,N,0,,0,No
GH,SHADE,3,4,8,19,0,0,2,1,Y,0,,0,No
GH,SHADE,3,5,1,0,0,0,0,0,N,0,,0,No
GH,SHADE,3,5,2,0,0,0,0,0,N,0,,0,No
GH,SHADE,3,5,3,0,0,0,0,0,N,0,,0,No
GH,SHADE,3,5,4,8,0,0,0,1,Y,2,,0,No
GH,SHADE,3,5,5,0,0,0,0,0,N,0,,0,No
GH,SHADE,3,5,6,0,0,0,0,0,N,0,,0,No
GH,SHADE,3,5,7,12,0,0,3,1,Y,0,,0,No
GH,SHADE,3,5,8,0,13,0,0,1,Y,1,,0,No
GH,SHADE,3,6,1,0,0,0,0,0,N,0,,0,No
GH,SHADE,3,6,2,0,0,0,0,0,N,0,,0,No
GH,SHADE,3,6,3,0,0,0,0,1,Y,1,,0,No
GH,SHADE,3,6,4,0,0,0,0,0,N,0,,0,No
GH,SHADE,3,6,5,0,0,0,0,0,N,0,,0,No
GH,SHADE,3,6,6,0,0,0,0,1,Y,0,,0,No
GH,SHADE,3,6,7,4,0,0,0,1,Y,0,,0,No
GH,SHADE,3,6,8,0,0,0,0,0,N,0,,0,No
GH,SHADE,3,7,1,0,0,0,0,0,N,0,,0,No
GH,SHADE,3,7,2,0,0,0,0,0,N,0,,0,No
GH,SHADE,3,7,3,0,0,0,0,0,N,0,,0,No
GH,SHADE,3,7,4,0,0,0,0,1,Y,0,,0,No
GH,SHADE,3,7,5,0,2,0,0,1,Y,1,,0,No
GH,SHADE,3,7,6,7,0,0,0,1,Y,0,,0,No
GH,SHADE,3,7,7,0,0,0,0,0,N,0,,0,No
GH,SHADE,3,7,8,0,0,0,0,0,N,0,,0,No
GH,SHADE,3,8,1,0,0,0,0,0,N,0,,0,No
GH,SHADE,3,8,2,0,0,0,0,1,Y,2,,0,No
GH,SHADE,3,8,3,0,0,0,0,0,N,0,,0,No
GH,SHADE,3,8,4,0,0,0,0,0,N,0,,0,No
GH,SHADE,3,8,5,0,0,0,0,0,N,0,,0,No
GH,SHADE,3,8,6,0,0,0,0,1,Y,0,,0,No
GH,SHADE,3,8,7,0,0,0,0,0,N,0,,0,No
GH,SHADE,3,8,8,0,0,0,0,0,N,0,,0,No
GH,SHADE,3,9,1,0,0,0,0,0,N,0,,0,No
GH,SHADE,3,9,2,0,0,0,0,0,N,0,,0,No
GH,SHADE,3,9,3,0,0,0,0,0,N,0,,0,No
GH,SHADE,3,9,4,0,0,0,0,0,N,0,,0,No
GH,SHADE,3,9,5,0,0,0,0,0,N,0,,0,No
GH,SHADE,3,9,6,0,0,0,0,0,N,0,,0,No
GH,SHADE,3,9,7,0,0,0,0,0,N,0,,0,No
GH,SHADE,3,9,8,0,0,0,0,0,N,0,,0,No
GH,SHADE,3,10,1,4,0,0,0,1,Y,2,,0,No
GH,SHADE,3,10,2,0,2,0,0,1,Y,1,,0,No
GH,SHADE,3,10,3,0,0,0,0,0,N,0,,0,No
GH,SHADE,3,10,4,0,0,0,0,0,N,0,,0,No
GH,SHADE,3,10,5,0,0,0,0,0,N,0,,0,No
GH,SHADE,3,10,6,0,0,0,0,0,N,0,,0,No
GH,SHADE,3,10,7,0,0,0,0,0,N,0,,0,No
GH,SHADE,3,10,8,0,0,0,0,0,N,0,,0,No
GH,SHADE,1,1,1,0,21,0,0,1,Y,0,,0,No
GH,SHADE,1,1,2,0,4,0,0,1,Y,0,,0,No
GH,SHADE,1,1,3,0,0,0,0,0,N,0,,0,No
GH,SHADE,1,1,4,11,0,0,0,1,Y,0,,0,No
GH,SHADE,1,1,5,0,0,0,0,0,N,0,,0,No
GH,SHADE,1,1,6,19,0,0,0,1,Y,0,,0,No
GH,SHADE,1,1,7,19,0,0,0,1,Y,0,,0,No
GH,SHADE,1,1,8,0,0,0,0,0,N,0,,0,No
GH,SHADE,1,2,1,0,0,0,0,0,N,0,,0,No
GH,SHADE,1,2,2,0,0,0,0,0,N,0,,0,No
GH,SHADE,1,2,3,0,0,0,0,0,N,0,,0,No
GH,SHADE,1,2,4,0,0,0,0,0,N,0,,0,No
GH,SHADE,1,2,5,0,0,0,0,0,N,0,,0,No
GH,SHADE,1,2,6,0,0,0,0,0,N,0,,0,No
GH,SHADE,1,2,7,0,0,0,0,0,N,0,,0,No
GH,SHADE,1,2,8,0,0,0,0,0,N,0,,0,No
GH,SHADE,1,3,1,0,0,0,0,0,N,0,,0,No
GH,SHADE,1,3,2,0,0,0,0,0,N,0,,0,No
GH,SHADE,1,3,3,0,0,0,0,0,N,0,,0,No
GH,SHADE,1,3,4,0,0,0,0,0,N,0,,0,No
GH,SHADE,1,3,5,9,0,0,0,1,Y,0,,0,No
GH,SHADE,1,3,6,0,0,0,0,0,N,0,,0,No
GH,SHADE,1,3,7,0,0,0,0,0,N,0,,0,No
GH,SHADE,1,3,8,0,5,0,0,1,Y,0,,0,No
GH,SHADE,1,4,1,0,0,0,0,0,N,0,,0,No
GH,SHADE,1,4,2,0,0,0,0,0,N,0,,0,No
GH,SHADE,1,4,3,0,12,0,0,1,Y,0,,0,No
GH,SHADE,1,4,4,0,0,0,0,0,N,0,,0,No
GH,SHADE,1,4,5,2,0,0,0,1,Y,0,,0,No
GH,SHADE,1,4,6,0,0,0,0,0,N,0,,0,No
GH,SHADE,1,4,7,0,0,0,0,0,N,0,,0,No
GH,SHADE,1,4,8,0,0,0,0,0,N,0,,0,No
GH,SHADE,1,5,1,0,27,0,1,1,Y,0,,0,No
GH,SHADE,1,5,2,0,0,0,0,0,N,0,,0,No
GH,SHADE,1,5,3,5,0,0,0,1,Y,0,,0,No
GH,SHADE,1,5,4,0,0,0,0,0,N,0,,0,No
GH,SHADE,1,5,5,0,0,0,0,0,N,0,,0,No
GH,SHADE,1,5,6,0,0,0,0,0,N,0,,0,No
GH,SHADE,1,5,7,0,0,0,0,0,N,0,,0,No
GH,SHADE,1,5,8,0,0,0,0,0,N,0,,0,No
GH,SHADE,1,6,1,0,0,0,0,0,N,0,,0,No
GH,SHADE,1,6,2,0,0,0,0,0,N,0,,0,No
GH,SHADE,1,6,3,0,0,0,0,1,Y,2,,0,No
GH,SHADE,1,6,4,0,0,0,0,0,N,0,,0,No
GH,SHADE,1,6,5,0,0,0,0,0,N,0,,0,No
GH,SHADE,1,6,6,0,0,0,0,0,N,0,,0,No
GH,SHADE,1,6,7,0,0,0,0,0,N,0,,0,No
GH,SHADE,1,6,8,0,0,0,0,0,N,0,,0,No
GH,SHADE,1,7,1,0,0,0,0,0,N,0,,0,No
GH,SHADE,1,7,2,0,0,0,0,0,N,0,,0,No
GH,SHADE,1,7,3,5,0,0,0,1,Y,0,,0,No
GH,SHADE,1,7,4,0,0,0,0,0,N,0,,0,No
GH,SHADE,1,7,5,0,0,0,0,0,N,0,,0,No
GH,SHADE,1,7,6,0,0,0,0,0,N,0,,0,No
GH,SHADE,1,7,7,0,0,0,0,0,N,0,,0,No
GH,SHADE,1,7,8,0,0,0,0,0,N,0,,0,No
GH,SHADE,1,8,1,0,0,0,0,0,N,0,,0,No
GH,SHADE,1,8,2,0,0,0,0,0,N,0,,0,No
GH,SHADE,1,8,3,20,0,0,0,1,Y,0,,0,No
GH,SHADE,1,8,4,0,0,0,0,0,N,0,,0,No
GH,SHADE,1,8,5,1,0,0,0,1,Y,0,,0,No
GH,SHADE,1,8,6,0,0,0,0,0,N,0,,0,No
GH,SHADE,1,8,7,0,0,0,0,0,N,0,,0,No
GH,SHADE,1,8,8,0,0,0,0,0,N,0,,0,No
GH,SHADE,1,9,1,0,0,0,0,0,N,0,,0,No
GH,SHADE,1,9,2,0,0,0,0,0,N,0,,0,No
GH,SHADE,1,9,3,0,0,0,0,0,N,0,,0,No
GH,SHADE,1,9,4,0,0,0,0,0,N,0,,0,No
GH,SHADE,1,9,5,0,0,0,0,0,N,0,,0,No
GH,SHADE,1,9,6,0,0,0,0,0,N,0,,0,No
GH,SHADE,1,9,7,0,0,0,0,0,N,0,,0,No
GH,SHADE,1,9,8,10,0,0,0,1,Y,0,,0,No
GH,SHADE,1,10,1,0,0,0,0,0,N,0,,0,No
GH,SHADE,1,10,2,0,0,0,0,0,N,0,,0,No
GH,SHADE,1,10,3,0,0,0,0,0,N,0,,0,No
GH,SHADE,1,10,4,0,0,0,0,0,N,0,,0,No
GH,SHADE,1,10,5,0,0,0,0,1,Y,0,,0,No
GH,SHADE,1,10,6,1,0,0,0,1,Y,2,,0,No
GH,SHADE,1,10,7,0,0,0,0,1,Y,2,,0,No
GH,SHADE,1,10,8,0,23,0,0,1,Y,0,,0,No
