Site,Cov,BLK,Col,Row,TROR,TRCY,NO_GRASS,NO_FORB,NO_FOCAL,FOCAL_GERM,CHANGED_FOCAL,NOTES
PJ,SUN,1,1,1,8,0,0,0,1,Y,0,
PJ,SUN,1,1,2,0,0,0,0,0,N,0,
PJ,SUN,1,1,3,0,15,0,0,1,Y,0,
PJ,SUN,1,1,4,0,0,0,0,1,Y,0,
PJ,SUN,1,1,5,0,3,0,0,1,Y,0,
PJ,SUN,1,1,6,1,0,1,1,1,Y,0,
PJ,SUN,1,1,7,0,0,0,0,0,N,0,
PJ,SUN,1,1,8,0,21,0,0,1,Y,0,
PJ,SUN,1,2,1,5,0,0,1,1,Y,0,
PJ,SUN,1,2,2,0,20,0,0,1,Y,0,
PJ,SUN,1,2,3,0,0,0,0,0,N,0,
PJ,SUN,1,2,4,5,0,0,0,1,Y,0,
PJ,SUN,1,2,5,0,16,0,2,1,Y,0,
PJ,SUN,1,2,6,0,0,0,2,2,Y,0,
PJ,SUN,1,2,7,0,7,0,0,1,Y,0,
PJ,SUN,1,2,8,0,0,0,0,1,Y,0,
PJ,SUN,1,3,1,2,0,0,4,1,Y,0,
PJ,SUN,1,3,2,1,0,0,4,1,Y,0,
PJ,SUN,1,3,3,0,22,0,0,1,Y,0,
PJ,SUN,1,3,4,0,23,0,0,1,Y,0,
PJ,SUN,1,3,5,0,0,0,0,2,Y,0,
PJ,SUN,1,3,6,0,0,0,0,0,N,0,
PJ,SUN,1,3,7,11,0,0,3,1,Y,0,
PJ,SUN,1,3,8,0,8,0,0,1,Y,0,
PJ,SUN,1,4,1,0,0,0,0,1,Y,0,
PJ,SUN,1,4,2,0,0,0,0,0,N,0,
PJ,SUN,1,4,3,0,0,0,0,1,Y,0,
PJ,SUN,1,4,4,0,0,0,0,1,Y,0,
PJ,SUN,1,4,5,3,0,0,0,1,Y,0,
PJ,SUN,1,4,6,0,25,0,0,1,Y,0,
PJ,SUN,1,4,7,0,0,0,0,1,Y,0,
PJ,SUN,1,4,8,0,9,0,0,1,Y,0,
PJ,SUN,1,5,1,0,28,0,0,1,Y,0,
PJ,SUN,1,5,2,0,18,1,0,1,Y,0,
PJ,SUN,1,5,3,0,0,0,0,1,Y,0,
PJ,SUN,1,5,4,0,0,0,0,1,Y,0,
PJ,SUN,1,5,5,0,0,1,0,2,Y,0,
PJ,SUN,1,5,6,0,0,0,0,0,N,0,
PJ,SUN,1,5,7,0,0,0,0,0,N,0,
PJ,SUN,1,5,8,0,0,0,0,0,N,0,
PJ,SUN,1,6,1,0,21,0,0,1,Y,0,
PJ,SUN,1,6,2,0,0,0,0,0,N,0,
PJ,SUN,1,6,3,1,0,0,0,1,Y,0,
PJ,SUN,1,6,4,0,0,0,0,0,N,0,
PJ,SUN,1,6,5,0,25,0,0,1,Y,0,
PJ,SUN,1,6,6,5,0,0,0,2,Y,0,
PJ,SUN,1,6,7,0,18,0,0,1,Y,0,
PJ,SUN,1,6,8,0,0,0,0,0,N,0,
PJ,SUN,1,7,1,0,0,0,0,0,N,0,
PJ,SUN,1,7,2,0,0,0,0,0,N,0,
PJ,SUN,1,7,3,1,0,0,0,1,Y,0,
PJ,SUN,1,7,4,0,0,0,0,0,N,0,
PJ,SUN,1,7,5,0,0,0,0,0,N,0,
PJ,SUN,1,7,6,0,28,0,0,1,Y,0,
PJ,SUN,1,7,7,0,15,0,0,1,Y,0,
PJ,SUN,1,7,8,0,0,0,0,0,N,0,
PJ,SUN,1,8,1,0,0,0,0,0,N,0,
PJ,SUN,1,8,2,0,0,0,0,1,Y,0,
PJ,SUN,1,8,3,0,0,0,0,0,N,0,
PJ,SUN,1,8,4,0,0,0,0,1,Y,0,
PJ,SUN,1,8,5,0,16,0,0,1,Y,0,
PJ,SUN,1,8,6,3,0,0,0,1,Y,0,
PJ,SUN,1,8,7,0,0,0,0,0,N,0,
PJ,SUN,1,8,8,0,19,0,0,1,Y,0,
PJ,SUN,1,9,1,0,25,0,1,1,Y,0,
PJ,SUN,1,9,2,7,0,0,0,1,Y,0,
PJ,SUN,1,9,3,0,3,0,0,1,Y,0,
PJ,SUN,1,9,4,0,0,0,0,1,Y,0,
PJ,SUN,1,9,5,0,0,0,0,0,N,0,
PJ,SUN,1,9,6,0,0,0,0,1,Y,0,
PJ,SUN,1,9,7,0,25,0,0,1,Y,0,
PJ,SUN,1,9,8,0,0,0,0,1,Y,0,
PJ,SUN,1,10,1,0,17,0,0,1,Y,0,
PJ,SUN,1,10,2,0,0,0,0,1,Y,0,
PJ,SUN,1,10,3,0,0,0,0,2,Y,0,
PJ,SUN,1,10,4,0,0,0,0,0,N,0,
PJ,SUN,1,10,5,0,0,0,0,0,N,0,
PJ,SUN,1,10,6,1,0,0,0,1,Y,0,
PJ,SUN,1,10,7,0,9,0,0,1,Y,0,
PJ,SUN,1,10,8,0,0,0,0,0,N,0,NOTHING WRITTEN CHECK
PJ,SUN,2,1,1,5,0,0,0,1,Y,0,
PJ,SUN,2,1,2,0,26,0,0,1,Y,0,
PJ,SUN,2,1,3,0,0,0,0,1,Y,0,
PJ,SUN,2,1,4,0,22,0,0,1,Y,0,
PJ,SUN,2,1,5,4,0,0,0,2,Y,0,
PJ,SUN,2,1,6,0,0,0,0,1,Y,0,
PJ,SUN,2,1,7,0,10,0,0,1,Y,0,
PJ,SUN,2,1,8,3,0,0,0,1,Y,0,
PJ,SUN,2,2,1,0,0,0,0,0,N,0,
PJ,SUN,2,2,2,1,0,0,2,1,Y,0,
PJ,SUN,2,2,3,0,18,0,0,1,Y,0,
PJ,SUN,2,2,4,7,0,0,0,1,Y,0,
PJ,SUN,2,2,5,0,26,0,0,1,Y,0,
PJ,SUN,2,2,6,0,0,0,0,0,N,0,
PJ,SUN,2,2,7,0,16,0,2,1,Y,0,
PJ,SUN,2,2,8,2,0,0,0,1,Y,0,
PJ,SUN,2,3,1,0,19,1,0,1,Y,0,
PJ,SUN,2,3,2,7,0,0,0,3,Y,0,
PJ,SUN,2,3,3,2,0,0,0,1,Y,0,
PJ,SUN,2,3,4,0,26,0,3,1,Y,0,
PJ,SUN,2,3,5,0,0,1,0,1,Y,0,
PJ,SUN,2,3,6,0,0,0,0,0,N,0,
PJ,SUN,2,3,7,0,0,0,0,0,N,0,
PJ,SUN,2,3,8,0,19,0,0,1,Y,0,
PJ,SUN,2,4,1,4,0,0,0,1,Y,0,
PJ,SUN,2,4,2,0,27,0,0,1,Y,0,
PJ,SUN,2,4,3,0,0,0,0,1,Y,0,
PJ,SUN,2,4,4,0,0,0,0,0,N,0,
PJ,SUN,2,4,5,0,6,0,0,1,Y,0,
PJ,SUN,2,4,6,1,0,0,1,1,Y,0,
PJ,SUN,2,4,7,0,24,0,0,1,Y,0,
PJ,SUN,2,4,8,10,0,0,0,1,Y,0,
PJ,SUN,2,5,1,13,0,0,0,3,Y,0,
PJ,SUN,2,5,2,0,5,0,0,1,Y,0,
PJ,SUN,2,5,3,0,0,0,0,0,N,0,CHECK
PJ,SUN,2,5,4,0,32,0,0,1,Y,0,
PJ,SUN,2,5,5,0,6,0,0,1,Y,0,
PJ,SUN,2,5,6,0,0,0,0,1,Y,0,
PJ,SUN,2,5,7,0,0,0,0,1,Y,0,
PJ,SUN,2,5,8,0,0,0,0,1,Y,0,
PJ,SUN,2,6,1,0,0,0,0,1,Y,0,
PJ,SUN,2,6,2,0,21,0,0,1,Y,0,
PJ,SUN,2,6,3,7,0,0,0,1,Y,0,
PJ,SUN,2,6,4,0,8,0,0,1,Y,0,
PJ,SUN,2,6,5,1,0,1,1,1,Y,0,
PJ,SUN,2,6,6,0,0,0,0,0,N,0,
PJ,SUN,2,6,7,0,0,0,0,0,N,0,
PJ,SUN,2,6,8,0,9,0,0,1,Y,0,
PJ,SUN,2,7,1,0,27,0,0,1,Y,0,
PJ,SUN,2,7,2,2,0,0,0,1,Y,0,
PJ,SUN,2,7,3,0,10,0,0,1,Y,0,
PJ,SUN,2,7,4,10,0,0,0,1,Y,0,
PJ,SUN,2,7,5,0,11,0,0,1,Y,0,
PJ,SUN,2,7,6,0,0,0,0,1,Y,0,
PJ,SUN,2,7,7,0,0,0,0,0,N,0,
PJ,SUN,2,7,8,9,0,1,0,1,Y,0,DROPPED 1 SEED
PJ,SUN,2,8,1,0,25,0,0,1,Y,0,
PJ,SUN,2,8,2,8,0,0,0,2,Y,0,
PJ,SUN,2,8,3,15,0,0,0,1,Y,0,
PJ,SUN,2,8,4,0,0,0,0,1,Y,0,
PJ,SUN,2,8,5,0,20,0,1,1,Y,0,
PJ,SUN,2,8,6,0,0,0,0,1,Y,0,
PJ,SUN,2,8,7,0,15,0,1,1,Y,0,
PJ,SUN,2,8,8,0,0,0,0,0,N,0,
PJ,SUN,2,9,1,0,10,0,0,1,Y,0,
PJ,SUN,2,9,2,0,25,0,1,1,Y,0,
PJ,SUN,2,9,3,0,0,0,0,1,Y,0,
PJ,SUN,2,9,4,0,0,0,0,1,Y,0,CHECK NO INFO
PJ,SUN,2,9,5,3,0,0,0,1,Y,0,
PJ,SUN,2,9,6,1,0,0,0,1,Y,0,
PJ,SUN,2,9,7,2,0,1,1,1,Y,0,
PJ,SUN,2,9,8,0,0,0,0,0,N,0,
PJ,SUN,2,10,1,0,33,0,0,1,Y,0,
PJ,SUN,2,10,2,0,55,0,1,1,Y,0,
PJ,SUN,2,10,3,0,1,0,1,1,Y,0,
PJ,SUN,2,10,4,0,0,0,0,1,Y,0,
PJ,SUN,2,10,5,0,0,0,0,0,N,0,
PJ,SUN,2,10,6,2,0,0,0,1,Y,0,
PJ,SUN,2,10,7,1,0,0,0,1,Y,0,
PJ,SUN,2,10,8,0,0,0,0,0,N,0,
PJ,SH,1,1,1,0,3,0,0,3,Y,0,
PJ,SH,1,1,2,0,0,0,0,0,N,0,
PJ,SH,1,1,3,14,0,0,2,1,Y,0,
PJ,SH,1,1,4,0,0,0,0,0,N,0,
PJ,SH,1,1,5,0,0,0,0,0,N,0,
PJ,SH,1,1,6,3,0,0,0,1,Y,0,
PJ,SH,1,1,7,0,8,0,0,1,Y,0,
PJ,SH,1,1,8,0,4,0,0,1,Y,0,
PJ,SH,1,2,1,0,0,0,0,0,N,0,
PJ,SH,1,2,2,0,33,0,0,1,Y,0,
PJ,SH,1,2,3,7,0,0,2,3,Y,0,
PJ,SH,1,2,4,0,0,0,0,0,N,0,
PJ,SH,1,2,5,0,0,0,0,0,N,0,
PJ,SH,1,2,6,0,6,0,0,1,Y,0,
PJ,SH,1,2,7,0,0,0,0,1,Y,0,
PJ,SH,1,2,8,5,0,0,1,1,Y,0,
PJ,SH,1,3,1,3,0,0,0,1,Y,0,
PJ,SH,1,3,2,0,0,0,0,1,Y,0,
PJ,SH,1,3,3,0,44,0,0,1,Y,0,
PJ,SH,1,3,4,0,26,0,0,1,Y,0,
PJ,SH,1,3,5,18,0,0,1,1,Y,0,
PJ,SH,1,3,6,12,0,0,1,3,Y,0,
PJ,SH,1,3,7,0,0,0,0,1,Y,0,
PJ,SH,1,3,8,0,37,0,1,1,Y,0,
PJ,SH,1,4,1,1,0,0,0,1,Y,0,
PJ,SH,1,4,2,0,0,0,0,1,Y,0,
PJ,SH,1,4,3,0,23,0,0,1,Y,0,
PJ,SH,1,4,4,0,0,0,0,1,Y,0,
PJ,SH,1,4,5,14,0,0,0,1,Y,0,
PJ,SH,1,4,6,0,25,0,0,1,Y,0,
PJ,SH,1,4,7,12,0,0,1,1,Y,0,
PJ,SH,1,4,8,0,49,0,0,1,Y,0,
PJ,SH,1,5,1,1,0,0,0,1,Y,0,
PJ,SH,1,5,2,0,0,0,0,0,N,0,
PJ,SH,1,5,3,0,0,0,0,3,Y,0,
PJ,SH,1,5,4,0,0,0,0,1,Y,0,
PJ,SH,1,5,5,0,34,0,0,1,Y,0,
PJ,SH,1,5,6,0,43,0,2,1,Y,0,
PJ,SH,1,5,7,19,0,0,1,1,Y,0,
PJ,SH,1,5,8,0,0,0,0,1,Y,0,
PJ,SH,1,6,1,0,32,0,0,1,Y,0,
PJ,SH,1,6,2,0,48,0,0,1,Y,0,
PJ,SH,1,6,3,28,0,0,0,1,Y,0,
PJ,SH,1,6,4,0,0,0,0,1,Y,0,
PJ,SH,1,6,5,0,8,0,0,1,Y,0,
PJ,SH,1,6,6,0,0,0,0,1,Y,0,
PJ,SH,1,6,7,26,0,0,0,1,Y,0,
PJ,SH,1,6,8,0,2,0,0,1,Y,0,
PJ,SH,1,7,1,0,12,0,0,1,Y,0,
PJ,SH,1,7,2,10,0,0,6,1,Y,0,
PJ,SH,1,7,3,0,46,0,0,1,Y,0,
PJ,SH,1,7,4,0,0,0,0,0,N,0,
PJ,SH,1,7,5,0,0,0,0,1,Y,0,
PJ,SH,1,7,6,25,0,0,0,1,Y,0,
PJ,SH,1,7,7,0,71,0,0,1,Y,0,
PJ,SH,1,7,8,20,0,0,0,1,Y,0,
PJ,SH,1,8,1,0,0,0,0,1,Y,0,
PJ,SH,1,8,2,10,0,0,0,1,Y,0,
PJ,SH,1,8,3,14,0,0,5,1,Y,0,
PJ,SH,1,8,4,0,38,0,0,1,Y,0,
PJ,SH,1,8,5,0,30,0,0,1,Y,0,
PJ,SH,1,8,6,16,0,0,0,1,Y,0,
PJ,SH,1,8,7,0,0,0,0,1,Y,0,
PJ,SH,1,8,8,0,59,0,0,1,Y,0,
PJ,SH,1,9,1,22,0,0,0,1,Y,0,
PJ,SH,1,9,2,0,53,0,0,1,Y,0,
PJ,SH,1,9,3,14,0,0,3,1,Y,0,
PJ,SH,1,9,4,0,29,0,0,1,Y,0,
PJ,SH,1,9,5,0,61,0,0,1,Y,0,
PJ,SH,1,9,6,0,0,0,0,2,Y,0,
PJ,SH,1,9,7,36,0,0,0,1,Y,0,
PJ,SH,1,9,8,0,0,0,0,1,Y,0,
PJ,SH,1,10,1,0,34,0,0,1,Y,0,
PJ,SH,1,10,2,19,0,0,0,1,Y,0,
PJ,SH,1,10,3,0,40,0,0,1,Y,0,
PJ,SH,1,10,4,0,0,0,0,1,Y,0,
PJ,SH,1,10,5,0,41,0,0,1,Y,0,
PJ,SH,1,10,6,26,0,0,1,1,Y,0,
PJ,SH,1,10,7,0,0,0,0,1,Y,0,
PJ,SH,1,10,8,0,0,0,0,0,N,0,
PJ,SH,2,1,1,21,0,0,0,5,Y,0,
PJ,SH,2,1,2,0,37,1,0,1,Y,0,
PJ,SH,2,1,3,1,0,1,0,1,Y,0,
PJ,SH,2,1,4,0,36,0,0,1,Y,0,
PJ,SH,2,1,5,18,0,0,0,9,Y,0,
PJ,SH,2,1,6,31,0,0,2,1,Y,0,
PJ,SH,2,1,7,0,1,0,1,1,Y,0,
PJ,SH,2,1,8,0,40,0,0,1,Y,0,
PJ,SH,2,2,1,0,1,2,0,1,Y,0,
PJ,SH,2,2,2,22,0,5,0,1,Y,0,
PJ,SH,2,2,3,0,32,0,0,2,Y,0,
PJ,SH,2,2,4,0,49,0,0,1,Y,0,
PJ,SH,2,2,5,26,0,0,0,1,Y,0,
PJ,SH,2,2,6,25,0,0,0,9,Y,0,
PJ,SH,2,2,7,0,0,0,0,1,Y,0,
PJ,SH,2,2,8,0,30,1,0,1,Y,0,
PJ,SH,2,3,1,33,0,0,0,8,Y,0,
PJ,SH,2,3,2,0,0,0,0,0,N,0,
PJ,SH,2,3,3,0,1,1,1,1,Y,0,
PJ,SH,2,3,4,22,0,1,1,1,Y,0,
PJ,SH,2,3,5,23,0,1,1,1,Y,0,
PJ,SH,2,3,6,0,48,1,1,1,Y,0,
PJ,SH,2,3,7,0,38,0,1,5,Y,0,
PJ,SH,2,3,8,0,23,0,0,1,Y,0,
PJ,SH,2,4,1,0,0,0,0,1,Y,0,
PJ,SH,2,4,2,0,0,1,1,1,Y,0,
PJ,SH,2,4,3,27,0,1,1,1,Y,0,
PJ,SH,2,4,4,0,47,0,0,1,Y,0,
PJ,SH,2,4,5,0,45,0,0,1,Y,0,
PJ,SH,2,4,6,35,0,0,0,9,Y,0,
PJ,SH,2,4,7,0,41,2,0,1,Y,0,
PJ,SH,2,4,8,33,0,0,1,14,Y,0,
PJ,SH,2,5,1,0,42,6,1,1,Y,0,
PJ,SH,2,5,2,0,1,8,0,1,Y,0,
PJ,SH,2,5,3,0,0,0,1,2,Y,0,
PJ,SH,2,5,4,0,32,0,0,1,Y,0,
PJ,SH,2,5,5,0,44,0,0,1,Y,0,
PJ,SH,2,5,6,23,0,0,0,9,Y,0,
PJ,SH,2,5,7,28,0,0,2,1,Y,0,
PJ,SH,2,5,8,24,0,0,0,1,Y,0,
PJ,SH,2,6,1,17,0,0,2,1,Y,0,
PJ,SH,2,6,2,27,0,10,1,2,Y,0,
PJ,SH,2,6,3,0,0,0,0,0,N,0,
PJ,SH,2,6,4,0,39,0,6,1,Y,0,
PJ,SH,2,6,5,0,50,0,0,1,Y,0,
PJ,SH,2,6,6,16,0,0,0,16,Y,0,
PJ,SH,2,6,7,0,0,0,0,1,Y,0,
PJ,SH,2,6,8,0,60,0,0,1,Y,0,
PJ,SH,2,7,1,0,42,2,0,1,Y,0,
PJ,SH,2,7,2,14,0,0,0,2,Y,0,
PJ,SH,2,7,3,16,0,0,0,1,Y,0,
PJ,SH,2,7,4,0,43,0,0,1,Y,0,
PJ,SH,2,7,5,15,0,0,0,2,Y,0,
PJ,SH,2,7,6,0,0,0,0,1,Y,0,
PJ,SH,2,7,7,0,55,0,0,1,Y,0,
PJ,SH,2,7,8,0,0,0,0,1,Y,0,3 boken stems of focal
PJ,SH,2,8,1,0,0,0,0,1,Y,0,
PJ,SH,2,8,2,0,64,0,0,1,Y,0,
PJ,SH,2,8,3,0,0,0,0,2,Y,0,
PJ,SH,2,8,4,32,0,0,0,1,Y,0,
PJ,SH,2,8,5,0,63,0,0,1,Y,0,
PJ,SH,2,8,6,14,0,0,0,1,Y,0,
PJ,SH,2,8,7,0,68,0,0,1,Y,0,
PJ,SH,2,8,8,26,0,0,0,1,Y,0,
PJ,SH,2,9,1,0,41,1,0,1,Y,0,
PJ,SH,2,9,2,0,52,0,0,1,Y,0,
PJ,SH,2,9,3,0,0,0,0,2,Y,0,
PJ,SH,2,9,4,0,64,0,0,1,Y,0,
PJ,SH,2,9,5,15,0,0,0,1,Y,0,broken stems
PJ,SH,2,9,6,21,0,0,0,1,Y,0,
PJ,SH,2,9,7,0,0,0,0,1,Y,0,
PJ,SH,2,9,8,38,0,0,0,1,Y,0,
PJ,SH,2,10,1,0,0,0,4,1,Y,0,
PJ,SH,2,10,2,32,0,0,0,1,Y,0,
PJ,SH,2,10,3,0,50,0,0,1,Y,0,
PJ,SH,2,10,4,0,56,0,0,1,Y,0,
PJ,SH,2,10,5,19,0,1,0,9,Y,0,
PJ,SH,2,10,6,0,0,0,0,1,Y,0,
PJ,SH,2,10,7,27,0,0,0,3,Y,0,
PJ,SH,2,10,8,0,64,0,0,1,Y,0,
PJ,SH,3,1,1,0,16,0,0,1,Y,0,
PJ,SH,3,1,2,0,0,0,0,0,N,0,NOTHING WRITTEN CHECK
PJ,SH,3,1,3,0,0,0,0,0,N,0,NOTHING WRITTEN CHECK
PJ,SH,3,1,4,0,0,0,0,1,Y,0,
PJ,SH,3,1,5,0,9,0,0,1,Y,0,
PJ,SH,3,1,6,0,3,0,1,1,Y,0,
PJ,SH,3,1,7,0,0,0,0,0,N,0,
PJ,SH,3,1,8,3,0,0,4,1,Y,0,
PJ,SH,3,2,1,0,0,0,0,1,Y,0,
PJ,SH,3,2,2,0,8,0,0,1,Y,0,
PJ,SH,3,2,3,0,8,0,0,1,Y,0,
PJ,SH,3,2,4,0,11,0,0,1,Y,0,
PJ,SH,3,2,5,0,0,0,0,0,N,0,NOTHING WRITTEN CHECK
PJ,SH,3,2,6,0,0,0,0,0,N,0,NOTHING WRITTEN CHECK
PJ,SH,3,2,7,1,0,0,1,1,Y,0,
PJ,SH,3,2,8,2,0,0,1,1,Y,0,
PJ,SH,3,3,1,0,10,0,0,1,Y,0,
PJ,SH,3,3,2,0,0,0,0,1,Y,0,
PJ,SH,3,3,3,0,0,0,0,0,N,0,NOTHING WRITTEN CHECK
PJ,SH,3,3,4,0,0,0,0,1,Y,0,
PJ,SH,3,3,5,3,0,0,1,1,Y,0,
PJ,SH,3,3,6,0,52,0,0,1,Y,0,
PJ,SH,3,3,7,1,0,0,2,1,Y,0,
PJ,SH,3,3,8,0,0,0,0,0,N,0,
PJ,SH,3,4,1,0,0,0,0,0,N,0,
PJ,SH,3,4,2,3,0,0,0,0,Y,0,
PJ,SH,3,4,3,0,0,0,0,0,N,0,
PJ,SH,3,4,4,0,8,0,0,0,Y,0,
PJ,SH,3,4,5,5,0,0,0,0,Y,0,
PJ,SH,3,4,6,0,54,0,0,0,Y,0,
PJ,SH,3,4,7,2,0,0,0,0,Y,0,
PJ,SH,3,4,8,0,0,0,0,0,N,0,
PJ,SH,3,5,1,0,0,0,0,1,Y,0,
PJ,SH,3,5,2,0,0,0,0,1,Y,0,
PJ,SH,3,5,3,0,42,0,0,1,Y,0,
PJ,SH,3,5,4,7,0,0,1,1,Y,0,
PJ,SH,3,5,5,0,0,0,0,0,N,0,
PJ,SH,3,5,6,0,0,0,0,0,N,0,
PJ,SH,3,5,7,0,10,0,1,1,Y,0,
PJ,SH,3,5,8,0,16,0,0,1,Y,0,
PJ,SH,3,6,1,3,0,0,0,1,Y,0,
PJ,SH,3,6,2,0,0,0,0,0,N,0,
PJ,SH,3,6,3,0,18,0,0,1,Y,0,
PJ,SH,3,6,4,0,0,0,0,1,Y,0,
PJ,SH,3,6,5,0,0,0,0,1,Y,0,
PJ,SH,3,6,6,0,0,0,0,1,Y,0,
PJ,SH,3,6,7,0,0,0,0,1,Y,0,
PJ,SH,3,6,8,0,3,0,0,1,Y,0,
PJ,SH,3,7,1,0,0,0,0,0,N,0,
PJ,SH,3,7,2,0,0,0,0,1,Y,0,
PJ,SH,3,7,3,0,0,0,0,1,Y,0,
PJ,SH,3,7,4,0,32,0,0,1,Y,0,
PJ,SH,3,7,5,0,0,0,0,0,N,0,
PJ,SH,3,7,6,0,0,0,0,0,N,0,
PJ,SH,3,7,7,0,0,0,0,0,N,0,
PJ,SH,3,7,8,0,0,0,0,1,Y,0,
PJ,SH,3,8,1,0,0,0,0,0,N,0,
PJ,SH,3,8,2,0,0,0,0,1,Y,0,
PJ,SH,3,8,3,0,23,0,0,1,Y,0,
PJ,SH,3,8,4,0,0,0,0,1,Y,0,
PJ,SH,3,8,5,0,0,0,0,0,N,0,
PJ,SH,3,8,6,1,0,0,0,1,Y,0,
PJ,SH,3,8,7,0,7,0,0,1,Y,0,
PJ,SH,3,8,8,0,5,0,0,1,Y,0,
PJ,SH,3,9,1,0,0,0,0,1,Y,0,
PJ,SH,3,9,2,0,0,0,0,0,N,0,
PJ,SH,3,9,3,0,0,0,0,0,N,0,
PJ,SH,3,9,4,1,0,0,0,1,Y,0,
PJ,SH,3,9,5,0,0,0,0,0,N,0,
PJ,SH,3,9,6,0,0,0,0,1,Y,0,
PJ,SH,3,9,7,0,0,0,0,0,N,0,
PJ,SH,3,9,8,0,2,0,0,1,Y,0,
PJ,SH,3,10,1,1,0,0,0,1,Y,0,
PJ,SH,3,10,2,0,0,0,0,0,N,0,
PJ,SH,3,10,3,0,0,0,0,0,N,0,
PJ,SH,3,10,4,1,0,0,0,1,Y,0,
PJ,SH,3,10,5,0,0,0,0,0,N,0,
PJ,SH,3,10,6,0,1,0,2,1,Y,0,
PJ,SH,3,10,7,0,0,0,0,0,N,0,
PJ,SH,3,10,8,0,2,0,0,1,Y,0,
PJ,SUN,3,1,1,0,6,0,0,1,Y,0,
PJ,SUN,3,1,2,0,0,0,0,1,Y,0,
PJ,SUN,3,1,3,2,0,0,1,1,Y,0,
PJ,SUN,3,1,4,0,0,0,0,0,N,0,
PJ,SUN,3,1,5,4,0,0,1,1,Y,0,
PJ,SUN,3,1,6,0,17,0,0,1,Y,0,
PJ,SUN,3,1,7,2,0,0,0,1,Y,0,
PJ,SUN,3,1,8,0,2,0,0,1,Y,0,
PJ,SUN,3,2,1,5,0,0,1,1,Y,0,
PJ,SUN,3,2,2,0,0,0,0,0,N,0,
PJ,SUN,3,2,3,7,0,0,3,1,Y,0,
PJ,SUN,3,2,4,1,0,0,0,1,Y,0,
PJ,SUN,3,2,5,0,3,0,0,1,Y,0,
PJ,SUN,3,2,6,0,0,0,0,0,N,0,
PJ,SUN,3,2,7,0,0,0,0,0,N,0,
PJ,SUN,3,2,8,0,0,0,0,0,N,0,
PJ,SUN,3,3,1,0,12,0,1,1,Y,0,
PJ,SUN,3,3,2,1,0,0,1,1,Y,0,
PJ,SUN,3,3,3,0,0,0,0,1,Y,0,
PJ,SUN,3,3,4,0,37,0,0,1,Y,0,
PJ,SUN,3,3,5,0,7,0,0,1,Y,0,
PJ,SUN,3,3,6,0,0,0,0,1,Y,0,
PJ,SUN,3,3,7,0,0,0,0,0,N,0,
PJ,SUN,3,3,8,0,0,0,0,0,N,0,
PJ,SUN,3,4,1,0,0,0,0,0,N,0,
PJ,SUN,3,4,2,1,0,0,0,1,Y,0,
PJ,SUN,3,4,3,0,2,0,1,1,Y,0,
PJ,SUN,3,4,4,2,0,0,0,1,Y,0,
PJ,SUN,3,4,5,0,13,0,0,1,Y,0,
PJ,SUN,3,4,6,0,0,0,0,0,N,0,
PJ,SUN,3,4,7,0,18,0,0,1,Y,0,
PJ,SUN,3,4,8,0,0,0,0,0,N,0,
PJ,SUN,3,5,1,0,7,0,3,1,Y,0,
PJ,SUN,3,5,2,4,0,1,0,1,Y,0,
PJ,SUN,3,5,3,0,22,0,0,1,Y,0,
PJ,SUN,3,5,4,6,0,0,0,1,Y,0,
PJ,SUN,3,5,5,0,3,0,0,1,Y,0,
PJ,SUN,3,5,6,0,0,0,0,1,Y,0,
PJ,SUN,3,5,7,6,0,1,0,1,Y,0,
PJ,SUN,3,5,8,0,0,0,0,1,Y,0,PILLOSA?
PJ,SUN,3,6,1,0,6,0,0,1,Y,0,
PJ,SUN,3,6,2,0,0,0,0,1,Y,0,
PJ,SUN,3,6,3,1,0,0,0,1,Y,0,
PJ,SUN,3,6,4,0,8,0,0,1,Y,0,
PJ,SUN,3,6,5,0,10,0,0,1,Y,0,
PJ,SUN,3,6,6,0,0,0,0,1,Y,0,
PJ,SUN,3,6,7,2,0,0,0,1,Y,0,
PJ,SUN,3,6,8,0,0,0,0,1,Y,0,
PJ,SUN,3,7,1,0,0,0,0,0,N,0,
PJ,SUN,3,7,2,0,4,0,0,1,Y,0,
PJ,SUN,3,7,3,0,1,0,0,1,Y,0,
PJ,SUN,3,7,4,0,2,0,0,1,Y,0,
PJ,SUN,3,7,5,5,0,0,1,1,Y,0,
PJ,SUN,3,7,6,1,0,0,0,1,Y,0,
PJ,SUN,3,7,7,4,0,0,0,1,Y,0,
PJ,SUN,3,7,8,0,0,0,0,1,Y,0,
PJ,SUN,3,8,1,0,1,0,0,1,Y,0,
PJ,SUN,3,8,2,0,12,0,0,1,Y,0,
PJ,SUN,3,8,3,0,4,0,0,1,Y,0,
PJ,SUN,3,8,4,0,0,0,0,1,Y,0,
PJ,SUN,3,8,5,0,0,0,0,0,N,0,
PJ,SUN,3,8,6,0,0,0,0,0,N,0,
PJ,SUN,3,8,7,0,0,0,0,0,N,0,
PJ,SUN,3,8,8,4,0,0,1,1,Y,0,
PJ,SUN,3,9,1,0,1,0,1,1,Y,0,
PJ,SUN,3,9,2,2,0,0,1,1,Y,0,
PJ,SUN,3,9,3,0,0,0,0,1,Y,0,
PJ,SUN,3,9,4,0,1,0,0,1,Y,0,
PJ,SUN,3,9,5,0,0,0,0,1,Y,0,
PJ,SUN,3,9,6,0,0,0,0,1,Y,0,
PJ,SUN,3,9,7,0,16,0,1,1,Y,0,
PJ,SUN,3,9,8,7,0,0,0,1,Y,0,
PJ,SUN,3,10,1,1,0,0,1,1,Y,0,
PJ,SUN,3,10,2,0,0,0,0,1,Y,0,
PJ,SUN,3,10,3,0,18,0,0,1,Y,0,
PJ,SUN,3,10,4,0,5,0,0,1,Y,0,
PJ,SUN,3,10,5,0,2,0,1,1,Y,0,
PJ,SUN,3,10,6,1,0,0,1,1,Y,0,
PJ,SUN,3,10,7,0,0,0,0,1,Y,0,
PJ,SUN,3,10,8,2,0,0,0,1,Y,0,
CS,SH,1,1,1,0,0,0,0,0,N,0,
CS,SH,1,1,2,0,0,0,0,0,N,0,
CS,SH,1,1,3,0,0,0,0,0,N,0,
CS,SH,1,1,4,0,0,0,0,0,N,0,
CS,SH,1,1,5,0,0,0,0,0,N,0,
CS,SH,1,1,6,0,0,0,0,0,N,0,
CS,SH,1,1,7,0,0,0,0,0,N,0,
CS,SH,1,1,8,0,4,0,0,1,Y,0,
CS,SH,1,2,1,1,0,0,0,1,Y,0,
CS,SH,1,2,2,0,0,0,0,0,N,0,
CS,SH,1,2,3,0,2,0,0,1,Y,0,
CS,SH,1,2,4,0,0,0,0,0,N,0,
CS,SH,1,2,5,0,0,0,0,0,N,0,
CS,SH,1,2,6,0,0,0,0,0,N,0,
CS,SH,1,2,7,0,0,1,0,1,Y,0,
CS,SH,1,2,8,0,0,0,0,0,N,0,
CS,SH,1,3,1,0,0,0,0,0,N,0,
CS,SH,1,3,2,0,0,0,0,0,N,0,
CS,SH,1,3,3,0,0,0,0,0,N,0,
CS,SH,1,3,4,0,0,0,0,0,N,0,
CS,SH,1,3,5,0,0,0,0,0,N,0,
CS,SH,1,3,6,0,0,0,0,0,N,0,
CS,SH,1,3,7,0,0,0,0,0,N,0,
CS,SH,1,3,8,0,0,0,0,0,N,0,
CS,SH,1,4,1,0,0,0,0,0,N,0,
CS,SH,1,4,2,0,2,0,1,1,Y,0,
CS,SH,1,4,3,0,0,0,0,0,N,0,
CS,SH,1,4,4,0,0,0,0,1,Y,0,
CS,SH,1,4,5,0,0,0,0,0,N,0,
CS,SH,1,4,6,0,0,0,0,0,N,0,
CS,SH,1,4,7,0,0,0,0,0,N,0,
CS,SH,1,4,8,0,1,0,0,1,Y,0,
CS,SH,1,5,1,0,0,0,0,0,N,0,
CS,SH,1,5,2,0,0,0,0,0,N,0,
CS,SH,1,5,3,0,0,0,0,0,N,0,
CS,SH,1,5,4,0,0,0,0,0,N,0,
CS,SH,1,5,5,0,0,0,0,0,N,0,
CS,SH,1,5,6,0,0,0,0,0,N,0,
CS,SH,1,5,7,0,0,0,0,0,N,0,
CS,SH,1,5,8,0,0,0,0,0,N,0,
CS,SH,1,6,1,0,0,0,0,0,N,0,
CS,SH,1,6,2,0,0,0,0,0,N,0,
CS,SH,1,6,3,0,0,0,0,0,N,0,
CS,SH,1,6,4,0,0,0,0,0,N,0,
CS,SH,1,6,5,0,0,0,0,0,N,0,
CS,SH,1,6,6,0,0,0,0,0,N,0,
CS,SH,1,6,7,0,0,0,0,0,N,0,
CS,SH,1,6,8,0,0,0,0,0,N,0,
CS,SH,1,7,1,0,0,0,0,0,N,0,
CS,SH,1,7,2,0,0,0,0,0,N,0,
CS,SH,1,7,3,0,0,0,0,0,N,0,
CS,SH,1,7,4,0,0,0,0,0,N,0,
CS,SH,1,7,5,0,0,0,0,0,N,0,
CS,SH,1,7,6,0,0,0,0,0,N,0,
CS,SH,1,7,7,0,0,0,0,0,N,0,
CS,SH,1,7,8,0,0,0,0,0,N,0,
CS,SH,1,8,1,0,0,0,0,0,N,0,
CS,SH,1,8,2,0,0,0,0,0,N,0,
CS,SH,1,8,3,0,0,0,0,0,N,0,
CS,SH,1,8,4,0,0,0,0,0,N,0,
CS,SH,1,8,5,0,0,0,0,0,N,0,
CS,SH,1,8,6,0,0,0,0,0,N,0,
CS,SH,1,8,7,0,0,0,0,0,N,0,
CS,SH,1,8,8,0,0,0,0,0,N,0,
CS,SH,1,9,1,0,0,0,0,0,N,0,
CS,SH,1,9,2,0,0,0,0,0,N,0,
CS,SH,1,9,3,0,0,0,0,0,N,0,
CS,SH,1,9,4,0,0,0,0,0,N,0,
CS,SH,1,9,5,0,0,0,0,0,N,0,
CS,SH,1,9,6,0,0,0,0,0,N,0,
CS,SH,1,9,7,0,0,0,0,0,N,0,
CS,SH,1,9,8,0,0,0,0,0,N,0,
CS,SH,1,10,1,0,0,0,0,0,N,0,
CS,SH,1,10,2,0,0,0,0,0,N,0,
CS,SH,1,10,3,0,0,0,0,0,N,0,
CS,SH,1,10,4,0,0,0,0,0,N,0,
CS,SH,1,10,5,0,0,0,0,0,N,0,
CS,SH,1,10,6,0,0,0,0,0,N,0,
CS,SH,1,10,7,0,0,0,0,0,N,0,
CS,SH,1,10,8,0,0,0,0,0,N,0,
CS,SH,2,1,1,0,0,0,0,1,Y,0,
CS,SH,2,1,2,0,0,0,0,0,N,0,
CS,SH,2,1,3,0,0,0,0,0,N,0,
CS,SH,2,1,4,0,0,0,0,0,N,0,
CS,SH,2,1,5,0,0,0,0,0,N,0,
CS,SH,2,1,6,0,0,0,0,0,N,0,
CS,SH,2,1,7,2,0,0,0,1,Y,0,
CS,SH,2,1,8,0,0,0,0,0,N,0,
CS,SH,2,2,1,0,0,0,0,0,N,0,
CS,SH,2,2,2,0,0,0,0,0,N,0,
CS,SH,2,2,3,0,0,0,0,0,N,0,
CS,SH,2,2,4,0,0,0,0,0,N,0,
CS,SH,2,2,5,0,0,0,0,0,N,0,
CS,SH,2,2,6,4,0,0,0,1,Y,0,
CS,SH,2,2,7,2,0,0,0,1,Y,0,
CS,SH,2,2,8,0,14,0,0,1,Y,0,
CS,SH,2,3,1,0,4,0,0,1,Y,0,
CS,SH,2,3,2,0,0,0,0,0,N,0,
CS,SH,2,3,3,0,0,0,0,0,N,0,
CS,SH,2,3,4,0,0,0,0,0,N,0,
CS,SH,2,3,5,0,0,0,0,0,N,0,
CS,SH,2,3,6,0,1,0,0,1,Y,0,
CS,SH,2,3,7,0,0,0,0,0,N,0,
CS,SH,2,3,8,0,0,0,0,0,N,0,
CS,SH,2,4,1,0,0,0,0,0,N,0,
CS,SH,2,4,2,2,0,0,0,1,Y,0,
CS,SH,2,4,3,0,0,0,0,0,N,0,
CS,SH,2,4,4,0,0,0,0,0,N,0,
CS,SH,2,4,5,0,0,0,0,0,N,0,
CS,SH,2,4,6,0,0,0,0,1,Y,0,
CS,SH,2,4,7,0,0,0,0,0,N,0,
CS,SH,2,4,8,0,0,0,0,0,N,0,
CS,SH,2,5,1,0,0,0,0,0,N,0,
CS,SH,2,5,2,0,0,0,0,0,N,0,
CS,SH,2,5,3,0,0,0,0,0,N,0,
CS,SH,2,5,4,0,0,0,0,0,N,0,
CS,SH,2,5,5,0,0,0,0,0,N,0,
CS,SH,2,5,6,0,0,0,0,0,N,0,
CS,SH,2,5,7,0,0,0,0,0,N,0,
CS,SH,2,5,8,0,0,0,0,0,N,0,
CS,SH,2,6,1,0,0,0,0,0,N,0,
CS,SH,2,6,2,0,0,0,0,0,N,0,
CS,SH,2,6,3,0,0,0,0,0,N,0,
CS,SH,2,6,4,0,0,0,0,0,N,0,
CS,SH,2,6,5,0,0,0,0,0,N,0,
CS,SH,2,6,6,0,0,0,0,0,N,0,
CS,SH,2,6,7,0,0,0,0,1,Y,0,
CS,SH,2,6,8,0,0,0,0,0,N,0,
CS,SH,2,7,1,0,0,0,0,0,N,0,
CS,SH,2,7,2,0,0,0,0,0,N,0,
CS,SH,2,7,3,0,0,0,0,0,N,0,
CS,SH,2,7,4,0,0,0,0,0,N,0,
CS,SH,2,7,5,0,0,0,0,0,N,0,
CS,SH,2,7,6,0,0,0,0,0,N,0,
CS,SH,2,7,7,0,0,0,0,0,N,0,
CS,SH,2,7,8,0,0,0,0,0,N,0,
CS,SH,2,8,1,0,0,0,0,0,N,0,
CS,SH,2,8,2,0,0,0,0,0,N,0,
CS,SH,2,8,3,0,0,0,0,0,N,0,
CS,SH,2,8,4,0,0,0,0,0,N,0,
CS,SH,2,8,5,0,0,0,0,0,N,0,
CS,SH,2,8,6,0,0,0,0,0,N,0,
CS,SH,2,8,7,0,0,0,0,0,N,0,
CS,SH,2,8,8,0,0,0,0,0,N,0,
CS,SH,2,9,1,0,0,0,0,0,N,0,
CS,SH,2,9,2,0,0,0,0,0,N,0,
CS,SH,2,9,3,0,0,0,0,0,N,0,
CS,SH,2,9,4,0,0,0,0,0,N,0,
CS,SH,2,9,5,0,0,0,0,0,N,0,
CS,SH,2,9,6,0,0,0,0,0,N,0,
CS,SH,2,9,7,0,0,0,0,0,N,0,
CS,SH,2,9,8,0,0,0,0,0,N,0,
CS,SH,2,10,1,0,0,0,0,0,N,0,
CS,SH,2,10,2,0,0,0,0,0,N,0,
CS,SH,2,10,3,0,0,0,0,0,N,0,
CS,SH,2,10,4,0,0,0,0,0,N,0,
CS,SH,2,10,5,0,0,0,0,0,N,0,
CS,SH,2,10,6,0,0,0,0,0,N,0,
CS,SH,2,10,7,0,0,0,0,0,N,0,
CS,SH,2,10,8,0,0,0,0,0,N,0,
CS,SH,3,1,1,0,0,0,0,0,N,0,
CS,SH,3,1,2,0,0,0,0,0,N,0,
CS,SH,3,1,3,0,0,0,0,0,N,0,
CS,SH,3,1,4,0,0,0,0,0,N,0,
CS,SH,3,1,5,0,0,0,0,0,N,0,
CS,SH,3,1,6,0,0,0,0,0,N,0,
CS,SH,3,1,7,0,0,0,0,0,N,0,
CS,SH,3,1,8,0,0,0,0,0,N,0,
CS,SH,3,2,1,0,0,0,0,0,N,0,
CS,SH,3,2,2,0,0,0,0,0,N,0,
CS,SH,3,2,3,0,0,0,0,0,N,0,
CS,SH,3,2,4,0,0,0,0,0,N,0,
CS,SH,3,2,5,0,0,0,0,0,N,0,
CS,SH,3,2,6,0,0,0,0,0,N,0,
CS,SH,3,2,7,0,0,0,0,0,N,0,
CS,SH,3,2,8,0,0,0,0,0,N,0,
CS,SH,3,3,1,0,0,0,0,0,N,0,
CS,SH,3,3,2,0,0,0,0,0,N,0,
CS,SH,3,3,3,0,0,0,0,0,N,0,
CS,SH,3,3,4,0,0,0,0,0,N,0,
CS,SH,3,3,5,0,0,0,0,0,N,0,
CS,SH,3,3,6,0,0,0,0,0,N,0,
CS,SH,3,3,7,0,0,0,0,0,N,0,
CS,SH,3,3,8,0,0,0,0,0,N,0,
CS,SH,3,4,1,0,0,0,0,0,N,0,
CS,SH,3,4,2,0,0,0,0,0,N,0,
CS,SH,3,4,3,0,0,0,0,0,N,0,
CS,SH,3,4,4,0,0,0,0,0,N,0,
CS,SH,3,4,5,0,0,0,0,0,N,0,
CS,SH,3,4,6,0,0,0,0,0,N,0,
CS,SH,3,4,7,0,0,0,0,0,N,0,
CS,SH,3,4,8,0,0,0,0,0,N,0,
CS,SH,3,5,1,0,0,0,0,0,N,0,
CS,SH,3,5,2,0,0,0,0,0,N,0,
CS,SH,3,5,3,0,0,0,0,0,N,0,
CS,SH,3,5,4,0,0,0,0,0,N,0,
CS,SH,3,5,5,0,0,0,0,0,N,0,
CS,SH,3,5,6,0,0,0,0,0,N,0,
CS,SH,3,5,7,0,0,0,0,0,N,0,
CS,SH,3,5,8,0,0,0,0,0,N,0,
CS,SH,3,6,1,0,0,0,0,0,N,0,
CS,SH,3,6,2,0,0,0,0,0,N,0,
CS,SH,3,6,3,0,0,0,0,0,N,0,
CS,SH,3,6,4,0,0,0,0,0,N,0,
CS,SH,3,6,5,0,0,0,0,0,N,0,
CS,SH,3,6,6,0,0,0,0,1,Y,0,
CS,SH,3,6,7,0,0,0,0,0,N,0,
CS,SH,3,6,8,0,0,0,0,0,N,0,
CS,SH,3,7,1,0,0,0,0,1,Y,0,
CS,SH,3,7,2,0,0,0,0,0,N,0,
CS,SH,3,7,3,0,0,0,0,0,N,0,
CS,SH,3,7,4,0,0,0,0,0,N,0,
CS,SH,3,7,5,0,0,0,0,0,N,0,
CS,SH,3,7,6,0,0,0,0,0,N,0,
CS,SH,3,7,7,0,0,0,0,0,N,0,
CS,SH,3,7,8,0,0,0,0,0,N,0,
CS,SH,3,8,1,0,0,0,0,0,N,0,
CS,SH,3,8,2,0,0,0,0,0,N,0,
CS,SH,3,8,3,0,0,0,0,0,N,0,
CS,SH,3,8,4,0,0,0,0,0,N,0,
CS,SH,3,8,5,0,0,0,0,0,N,0,
CS,SH,3,8,6,0,0,0,0,0,N,0,
CS,SH,3,8,7,0,0,0,0,0,N,0,
CS,SH,3,8,8,0,0,0,0,0,N,0,
CS,SH,3,9,1,0,0,0,0,0,N,0,
CS,SH,3,9,2,0,0,0,0,0,N,0,
CS,SH,3,9,3,0,0,0,0,0,N,0,
CS,SH,3,9,4,0,0,0,0,0,N,0,
CS,SH,3,9,5,0,0,0,0,0,N,0,
CS,SH,3,9,6,0,0,0,0,0,N,0,
CS,SH,3,9,7,0,0,0,0,0,N,0,
CS,SH,3,9,8,0,0,0,0,0,N,0,
CS,SH,3,10,1,0,0,0,0,0,N,0,
CS,SH,3,10,2,0,0,0,0,0,N,0,
CS,SH,3,10,3,0,0,0,0,0,N,0,
CS,SH,3,10,4,0,0,0,0,0,N,0,
CS,SH,3,10,5,0,0,0,0,0,N,0,
CS,SH,3,10,6,0,0,0,0,0,N,0,
CS,SH,3,10,7,0,0,0,0,0,N,0,
CS,SH,3,10,8,0,0,0,0,0,N,0,
CS,SUN,1,1,1,0,0,0,0,0,N,0,
CS,SUN,1,1,2,0,3,0,4,1,Y,0,
CS,SUN,1,1,3,0,0,0,0,0,N,0,
CS,SUN,1,1,4,0,0,0,0,0,N,0,
CS,SUN,1,1,5,7,0,1,4,1,Y,0,
CS,SUN,1,1,6,0,17,2,2,1,Y,0,
CS,SUN,1,1,7,0,0,0,0,0,N,0,
CS,SUN,1,1,8,0,0,0,0,0,N,0,
CS,SUN,1,2,1,0,0,0,0,0,N,0,
CS,SUN,1,2,2,0,0,0,0,0,N,0,
CS,SUN,1,2,3,0,0,0,0,0,N,0,
CS,SUN,1,2,4,0,0,0,0,0,N,0,
CS,SUN,1,2,5,0,0,1,2,1,Y,0,
CS,SUN,1,2,6,0,0,0,0,0,N,0,
CS,SUN,1,2,7,0,9,0,2,1,Y,0,
CS,SUN,1,2,8,0,14,0,1,1,Y,0,
CS,SUN,1,3,1,0,0,0,0,0,N,0,
CS,SUN,1,3,2,0,0,0,0,0,N,0,
CS,SUN,1,3,3,0,0,0,0,0,N,0,
CS,SUN,1,3,4,0,0,0,0,0,N,0,
CS,SUN,1,3,5,0,0,0,0,0,N,0,
CS,SUN,1,3,6,0,0,0,0,0,N,0,
CS,SUN,1,3,7,0,0,0,0,0,N,0,
CS,SUN,1,3,8,0,14,1,3,1,Y,0,
CS,SUN,1,4,1,0,0,0,0,0,N,0,
CS,SUN,1,4,2,0,0,0,0,0,N,0,
CS,SUN,1,4,3,0,0,0,0,0,N,0,
CS,SUN,1,4,4,0,0,0,0,0,N,0,
CS,SUN,1,4,5,0,0,0,0,0,N,0,
CS,SUN,1,4,6,0,2,0,0,1,Y,0,
CS,SUN,1,4,7,0,1,0,2,1,Y,0,
CS,SUN,1,4,8,0,0,0,8,1,Y,0,
CS,SUN,1,5,1,0,0,0,0,0,N,0,
CS,SUN,1,5,2,0,0,0,0,0,N,0,
CS,SUN,1,5,3,0,0,0,0,0,N,0,
CS,SUN,1,5,4,0,0,0,0,0,N,0,
CS,SUN,1,5,5,3,0,0,3,1,Y,0,
CS,SUN,1,5,6,0,0,0,0,0,N,0,
CS,SUN,1,5,7,0,0,0,0,0,N,0,
CS,SUN,1,5,8,0,0,0,0,0,N,0,
CS,SUN,1,6,1,0,0,0,0,0,N,0,
CS,SUN,1,6,2,0,0,0,0,0,N,0,
CS,SUN,1,6,3,4,0,0,6,1,Y,0,
CS,SUN,1,6,4,0,0,0,0,0,N,0,
CS,SUN,1,6,5,0,0,0,0,0,N,0,
CS,SUN,1,6,6,0,0,0,0,0,N,0,
CS,SUN,1,6,7,0,0,0,0,0,N,0,
CS,SUN,1,6,8,0,0,0,0,0,N,0,
CS,SUN,1,7,1,0,0,0,0,0,N,0,
CS,SUN,1,7,2,0,1,0,2,1,Y,0,
CS,SUN,1,7,3,0,0,0,0,0,N,0,
CS,SUN,1,7,4,0,7,0,1,1,Y,0,
CS,SUN,1,7,5,0,0,0,0,0,N,0,
CS,SUN,1,7,6,1,0,0,3,1,Y,0,
CS,SUN,1,7,7,3,0,0,1,1,Y,0,
CS,SUN,1,7,8,0,0,0,0,0,N,0,
CS,SUN,1,8,1,4,0,2,2,1,Y,0,
CS,SUN,1,8,2,0,2,0,0,0,N,0,
CS,SUN,1,8,3,0,0,0,0,0,N,0,
CS,SUN,1,8,4,0,0,0,0,0,N,0,
CS,SUN,1,8,5,1,0,0,4,1,Y,0,
CS,SUN,1,8,6,0,0,0,0,0,N,0,
CS,SUN,1,8,7,4,0,0,1,1,Y,0,
CS,SUN,1,8,8,0,0,0,0,0,N,0,
CS,SUN,1,9,1,0,0,0,0,0,N,0,
CS,SUN,1,9,2,0,0,0,0,0,N,0,
CS,SUN,1,9,3,0,0,0,0,0,N,0,
CS,SUN,1,9,4,0,0,0,0,0,N,0,
CS,SUN,1,9,5,0,0,0,0,0,N,0,
CS,SUN,1,9,6,4,0,0,2,1,Y,0,
CS,SUN,1,9,7,0,0,0,0,0,N,0,
CS,SUN,1,9,8,0,0,0,0,0,N,0,
CS,SUN,1,10,1,0,0,0,1,1,Y,0,
CS,SUN,1,10,2,3,0,1,1,1,Y,0,
CS,SUN,1,10,3,0,3,0,0,0,N,0,
CS,SUN,1,10,4,0,0,0,0,0,N,0,
CS,SUN,1,10,5,0,1,0,1,1,Y,0,
CS,SUN,1,10,6,1,0,0,6,1,Y,0,
CS,SUN,1,10,7,0,0,0,0,0,N,0,
CS,SUN,1,10,8,0,0,0,0,0,N,0,
CS,SUN,2,1,1,0,0,0,0,0,N,0,
CS,SUN,2,1,2,0,0,0,0,0,N,0,
CS,SUN,2,1,3,0,0,0,0,0,N,0,
CS,SUN,2,1,4,0,0,0,0,0,N,0,
CS,SUN,2,1,5,0,0,0,0,0,N,0,
CS,SUN,2,1,6,0,0,0,0,0,N,0,
CS,SUN,2,1,7,0,0,0,0,0,N,0,
CS,SUN,2,1,8,0,0,0,0,1,Y,0,
CS,SUN,2,2,1,0,0,0,0,0,N,0,
CS,SUN,2,2,2,0,0,0,0,0,N,0,
CS,SUN,2,2,3,0,0,0,0,1,Y,0,
CS,SUN,2,2,4,0,0,0,0,0,N,0,
CS,SUN,2,2,5,0,0,0,0,0,N,0,
CS,SUN,2,2,6,0,1,0,1,1,Y,0,
CS,SUN,2,2,7,0,6,0,0,1,Y,0,
CS,SUN,2,2,8,0,0,0,0,0,N,0,
CS,SUN,2,3,1,0,0,0,0,1,Y,0,
CS,SUN,2,3,2,0,0,0,0,0,N,0,
CS,SUN,2,3,3,0,0,0,0,0,N,0,
CS,SUN,2,3,4,0,0,0,0,0,N,0,
CS,SUN,2,3,5,0,0,0,0,0,N,0,
CS,SUN,2,3,6,0,1,0,0,1,Y,0,
CS,SUN,2,3,7,0,0,0,0,0,N,0,
CS,SUN,2,3,8,0,0,0,0,0,N,0,
CS,SUN,2,4,1,0,0,0,0,0,N,0,
CS,SUN,2,4,2,0,0,0,0,0,N,0,
CS,SUN,2,4,3,0,0,0,0,0,N,0,
CS,SUN,2,4,4,0,0,0,0,0,N,0,
CS,SUN,2,4,5,0,0,0,0,0,N,0,
CS,SUN,2,4,6,0,0,0,0,0,N,0,
CS,SUN,2,4,7,0,0,0,0,0,N,0,
CS,SUN,2,4,8,0,0,0,0,0,N,0,
CS,SUN,2,5,1,0,1,0,0,1,Y,0,
CS,SUN,2,5,2,0,0,0,0,0,N,0,
CS,SUN,2,5,3,0,0,0,0,0,N,0,
CS,SUN,2,5,4,0,0,0,0,0,N,0,
CS,SUN,2,5,5,0,0,0,0,0,N,0,
CS,SUN,2,5,6,0,0,0,0,0,N,0,
CS,SUN,2,5,7,0,0,0,0,0,N,0,
CS,SUN,2,5,8,0,0,0,0,0,N,0,
CS,SUN,2,6,1,0,0,0,0,0,N,0,
CS,SUN,2,6,2,0,0,0,0,0,N,0,
CS,SUN,2,6,3,0,0,0,0,1,Y,0,
CS,SUN,2,6,4,0,0,0,0,0,N,0,
CS,SUN,2,6,5,0,0,0,0,0,N,0,
CS,SUN,2,6,6,0,0,0,0,0,N,0,
CS,SUN,2,6,7,0,0,0,0,0,N,0,
CS,SUN,2,6,8,0,0,0,0,0,N,0,
CS,SUN,2,7,1,0,0,0,0,0,N,0,
CS,SUN,2,7,2,0,0,0,1,1,Y,0,
CS,SUN,2,7,3,0,0,0,0,0,N,0,
CS,SUN,2,7,4,0,0,0,0,0,N,0,
CS,SUN,2,7,5,0,0,0,0,0,N,0,
CS,SUN,2,7,6,0,0,0,0,0,N,0,
CS,SUN,2,7,7,0,0,0,0,0,N,0,
CS,SUN,2,7,8,0,0,0,0,0,N,0,
CS,SUN,2,8,1,1,0,0,1,1,Y,0,
CS,SUN,2,8,2,0,3,0,2,1,Y,0,
CS,SUN,2,8,3,0,0,0,0,0,N,0,
CS,SUN,2,8,4,0,0,0,0,0,N,0,
CS,SUN,2,8,5,0,0,0,1,1,Y,0,
CS,SUN,2,8,6,4,0,0,3,1,Y,0,
CS,SUN,2,8,7,0,1,0,0,1,Y,0,
CS,SUN,2,8,8,0,0,0,0,0,N,0,
CS,SUN,2,9,1,0,0,0,2,1,Y,0,
CS,SUN,2,9,2,0,2,0,1,1,Y,0,
CS,SUN,2,9,3,0,0,0,0,0,N,0,
CS,SUN,2,9,4,0,0,0,0,0,N,0,
CS,SUN,2,9,5,0,1,0,0,1,Y,0,
CS,SUN,2,9,6,0,1,0,0,1,Y,0,
CS,SUN,2,9,7,4,0,0,0,1,Y,0,
CS,SUN,2,9,8,0,0,0,0,0,N,0,
CS,SUN,2,10,1,0,0,0,0,0,N,0,
CS,SUN,2,10,2,0,0,0,0,0,N,0,
CS,SUN,2,10,3,0,0,0,0,0,N,0,
CS,SUN,2,10,4,0,0,0,0,0,N,0,
CS,SUN,2,10,5,0,0,0,0,0,N,0,
CS,SUN,2,10,6,0,7,0,0,1,Y,0,
CS,SUN,2,10,7,0,0,0,0,1,Y,0,
CS,SUN,2,10,8,0,0,0,0,0,N,0,
CS,SUN,3,1,1,0,5,0,2,1,Y,0,
CS,SUN,3,1,2,0,0,0,0,0,N,0,
CS,SUN,3,1,3,0,3,0,1,1,Y,0,
CS,SUN,3,1,4,1,0,0,1,1,Y,0,
CS,SUN,3,1,5,0,0,0,0,0,N,0,
CS,SUN,3,1,6,0,6,0,0,1,Y,0,
CS,SUN,3,1,7,0,0,0,2,1,Y,0,
CS,SUN,3,1,8,0,0,0,0,1,Y,0,
CS,SUN,3,2,1,0,0,0,0,0,N,0,
CS,SUN,3,2,2,0,0,0,0,0,N,0,
CS,SUN,3,2,3,0,0,0,0,0,N,0,
CS,SUN,3,2,4,0,0,0,0,0,N,0,
CS,SUN,3,2,5,0,0,0,0,0,N,0,
CS,SUN,3,2,6,0,0,0,0,0,N,0,
CS,SUN,3,2,7,0,0,0,0,0,N,0,
CS,SUN,3,2,8,0,18,0,0,1,Y,0,
CS,SUN,3,3,1,0,0,0,0,0,N,0,
CS,SUN,3,3,2,0,0,0,0,0,N,0,
CS,SUN,3,3,3,0,0,0,0,0,N,0,
CS,SUN,3,3,4,0,0,0,0,0,N,0,
CS,SUN,3,3,5,0,0,0,0,0,N,0,
CS,SUN,3,3,6,0,0,0,0,0,N,0,
CS,SUN,3,3,7,0,7,0,0,1,Y,0,
CS,SUN,3,3,8,3,0,0,0,1,Y,0,
CS,SUN,3,4,1,0,0,0,0,0,N,0,
CS,SUN,3,4,2,0,9,0,1,1,Y,0,
CS,SUN,3,4,3,0,0,0,0,0,N,0,
CS,SUN,3,4,4,0,0,0,0,0,N,0,
CS,SUN,3,4,5,0,0,0,0,0,N,0,
CS,SUN,3,4,6,0,0,0,0,0,N,0,
CS,SUN,3,4,7,0,0,0,0,0,N,0,
CS,SUN,3,4,8,0,0,0,0,0,N,0,
CS,SUN,3,5,1,0,0,0,2,1,Y,0,
CS,SUN,3,5,2,0,0,0,0,0,N,0,
CS,SUN,3,5,3,0,0,0,0,0,N,0,
CS,SUN,3,5,4,0,0,0,0,0,N,0,
CS,SUN,3,5,5,0,0,0,0,0,N,0,
CS,SUN,3,5,6,0,0,0,0,0,N,0,
CS,SUN,3,5,7,0,0,0,0,0,N,0,
CS,SUN,3,5,8,0,0,0,0,0,N,0,
CS,SUN,3,6,1,0,0,0,0,0,N,0,
CS,SUN,3,6,2,0,0,0,0,0,N,0,
CS,SUN,3,6,3,0,0,0,0,0,N,0,
CS,SUN,3,6,4,0,0,0,0,0,N,0,
CS,SUN,3,6,5,0,0,0,0,0,N,0,
CS,SUN,3,6,6,0,0,0,0,0,N,0,
CS,SUN,3,6,7,0,0,0,0,0,N,0,
CS,SUN,3,6,8,0,0,0,0,0,N,0,
CS,SUN,3,7,1,0,0,0,0,0,N,0,
CS,SUN,3,7,2,0,3,0,0,1,Y,0,
CS,SUN,3,7,3,0,2,0,0,1,Y,0,
CS,SUN,3,7,4,0,0,0,0,0,N,0,
CS,SUN,3,7,5,0,0,0,0,0,N,0,
CS,SUN,3,7,6,0,0,0,0,0,N,0,
CS,SUN,3,7,7,0,0,0,0,0,N,0,
CS,SUN,3,7,8,0,0,0,0,0,N,0,
CS,SUN,3,8,1,0,0,0,0,0,N,0,
CS,SUN,3,8,2,0,6,0,0,1,Y,0,
CS,SUN,3,8,3,3,0,0,2,1,Y,0,
CS,SUN,3,8,4,0,10,0,0,1,Y,0,
CS,SUN,3,8,5,0,3,0,0,1,Y,0,
CS,SUN,3,8,6,0,0,0,0,0,N,0,
CS,SUN,3,8,7,0,0,0,0,0,N,0,
CS,SUN,3,8,8,0,0,0,0,0,N,0,
CS,SUN,3,9,1,0,0,0,0,0,N,0,
CS,SUN,3,9,2,0,0,0,0,1,Y,0,
CS,SUN,3,9,3,0,15,0,0,1,Y,0,
CS,SUN,3,9,4,0,0,0,0,0,N,0,
CS,SUN,3,9,5,0,0,0,0,0,N,0,
CS,SUN,3,9,6,0,0,0,0,0,N,0,
CS,SUN,3,9,7,0,6,0,0,1,Y,0,
CS,SUN,3,9,8,2,0,0,1,1,Y,0,
CS,SUN,3,10,1,0,0,0,0,0,N,0,
CS,SUN,3,10,2,3,0,0,0,1,Y,0,
CS,SUN,3,10,3,0,0,0,0,0,N,0,
CS,SUN,3,10,4,0,22,0,1,1,Y,0,
CS,SUN,3,10,5,0,0,0,0,0,N,0,
CS,SUN,3,10,6,0,0,0,0,0,N,0,
CS,SUN,3,10,7,0,5,0,2,1,Y,0,
CS,SUN,3,10,8,0,17,0,0,1,Y,0,
BEN,SUN,1,1,1,10,0,2,0,1,Y,1,
BEN,SUN,1,1,2,0,0,0,0,0,N,0,
BEN,SUN,1,1,3,0,0,0,0,0,N,0,
BEN,SUN,1,1,4,0,14,5,1,1,Y,0,
BEN,SUN,1,1,5,10,0,1,0,1,Y,0,
BEN,SUN,1,1,6,5,0,4,0,1,Y,0,
BEN,SUN,1,1,7,0,3,8,0,1,Y,1,
BEN,SUN,1,1,8,0,0,0,0,1,Y,0,
BEN,SUN,1,2,1,0,0,0,0,1,Y,0,
BEN,SUN,1,2,2,2,0,3,1,1,Y,0,
BEN,SUN,1,2,3,0,0,0,0,0,N,0,
BEN,SUN,1,2,4,0,0,0,0,0,N,0,
BEN,SUN,1,2,5,2,0,5,0,1,Y,2,
BEN,SUN,1,2,6,0,21,6,0,1,Y,1,
BEN,SUN,1,2,7,0,2,2,0,1,Y,0,
BEN,SUN,1,2,8,0,31,1,1,1,Y,1,
BEN,SUN,1,3,1,0,1,2,1,1,Y,0,
BEN,SUN,1,3,2,0,4,5,1,1,Y,1,
BEN,SUN,1,3,3,0,0,0,0,0,N,0,
BEN,SUN,1,3,4,0,0,0,0,0,N,0,
BEN,SUN,1,3,5,0,11,4,0,1,Y,0,
BEN,SUN,1,3,6,0,1,3,0,1,Y,0,
BEN,SUN,1,3,7,0,0,0,0,1,Y,0,
BEN,SUN,1,3,8,0,2,1,0,1,Y,0,
BEN,SUN,1,4,1,0,0,0,0,0,N,0,
BEN,SUN,1,4,2,1,0,8,0,1,Y,2,
BEN,SUN,1,4,3,0,0,0,0,0,N,0,
BEN,SUN,1,4,4,0,1,0,0,1,Y,1,
BEN,SUN,1,4,5,0,0,0,0,0,N,0,
BEN,SUN,1,4,6,0,4,6,0,1,Y,0,
BEN,SUN,1,4,7,0,0,0,0,0,N,0,
BEN,SUN,1,4,8,0,6,2,0,1,Y,0,
BEN,SUN,1,5,1,0,0,0,0,0,N,0,
BEN,SUN,1,5,2,0,0,0,0,0,N,0,
BEN,SUN,1,5,3,0,0,0,0,0,N,0,
BEN,SUN,1,5,4,0,0,0,0,0,N,0,
BEN,SUN,1,5,5,0,0,0,0,0,N,0,
BEN,SUN,1,5,6,0,0,0,0,0,N,0,
BEN,SUN,1,5,7,5,0,2,1,1,Y,0,
BEN,SUN,1,5,8,2,0,0,0,1,Y,0,
BEN,SUN,1,6,1,0,13,2,1,1,Y,1,
BEN,SUN,1,6,2,0,0,0,0,0,N,0,
BEN,SUN,1,6,3,0,0,0,0,0,N,0,
BEN,SUN,1,6,4,2,0,0,0,1,Y,0,
BEN,SUN,1,6,5,1,0,3,0,1,Y,2,
BEN,SUN,1,6,6,0,0,0,0,0,N,0,
BEN,SUN,1,6,7,0,0,0,0,0,N,0,
BEN,SUN,1,6,8,0,0,0,0,0,N,0,
BEN,SUN,1,7,1,1,0,2,0,1,Y,0,
BEN,SUN,1,7,2,0,0,5,0,1,Y,0,
BEN,SUN,1,7,3,0,0,0,0,0,N,0,
BEN,SUN,1,7,4,1,0,2,0,1,Y,0,
BEN,SUN,1,7,5,0,0,0,0,0,N,0,
BEN,SUN,1,7,6,0,0,0,0,0,N,0,
BEN,SUN,1,7,7,0,6,0,0,1,Y,1,
BEN,SUN,1,7,8,0,0,0,6,1,Y,0,
BEN,SUN,1,8,1,6,0,0,0,1,Y,0,
BEN,SUN,1,8,2,0,0,0,0,1,Y,0,
BEN,SUN,1,8,3,0,1,6,1,1,Y,0,
BEN,SUN,1,8,4,0,0,0,0,0,N,0,
BEN,SUN,1,8,5,0,1,1,2,1,Y,1,
BEN,SUN,1,8,6,0,1,0,0,1,Y,1,
BEN,SUN,1,8,7,1,0,0,0,1,Y,0,
BEN,SUN,1,8,8,0,0,0,0,1,Y,0,
BEN,SUN,1,9,1,6,0,0,0,1,Y,0,
BEN,SUN,1,9,2,0,0,0,0,0,N,0,
BEN,SUN,1,9,3,0,12,2,1,1,Y,1,
BEN,SUN,1,9,4,0,0,0,0,0,N,0,
BEN,SUN,1,9,5,0,0,0,0,0,N,0,
BEN,SUN,1,9,6,0,2,2,0,1,Y,1,
BEN,SUN,1,9,7,0,0,0,0,0,N,0,
BEN,SUN,1,9,8,0,0,0,0,0,N,0,
BEN,SUN,1,10,1,2,0,0,1,1,Y,0,
BEN,SUN,1,10,2,0,11,0,0,1,Y,1,
BEN,SUN,1,10,3,0,0,0,0,0,N,0,
BEN,SUN,1,10,4,0,0,0,0,0,N,0,
BEN,SUN,1,10,5,4,0,0,1,1,Y,0,
BEN,SUN,1,10,6,1,0,0,3,1,Y,0,
BEN,SUN,1,10,7,0,8,0,0,1,Y,0,
BEN,SUN,1,10,8,0,0,0,0,0,N,0,
BEN,SH,1,1,1,0,0,0,0,0,N,0,
BEN,SH,1,1,2,0,0,0,0,0,N,0,
BEN,SH,1,1,3,17,0,5,0,2,Y,0,
BEN,SH,1,1,4,6,0,1,0,1,Y,0,
BEN,SH,1,1,5,0,0,0,0,1,Y,0,
BEN,SH,1,1,6,0,27,1,0,1,Y,1,
BEN,SH,1,1,7,0,41,0,0,1,Y,0,
BEN,SH,1,1,8,0,7,0,0,1,Y,0,
BEN,SH,1,2,1,11,0,0,0,1,Y,0,
BEN,SH,1,2,2,1,0,0,0,1,Y,1,
BEN,SH,1,2,3,0,13,0,0,1,Y,0,
BEN,SH,1,2,4,0,0,0,0,0,N,0,
BEN,SH,1,2,5,0,0,0,0,0,N,0,
BEN,SH,1,2,6,0,45,0,0,1,Y,1,
BEN,SH,1,2,7,0,14,0,1,1,Y,0,
BEN,SH,1,2,8,0,0,0,0,1,Y,0,
BEN,SH,1,3,1,0,0,0,0,1,Y,0,
BEN,SH,1,3,2,0,5,0,0,1,Y,0,
BEN,SH,1,3,3,3,0,0,1,1,Y,0,
BEN,SH,1,3,4,7,0,0,1,1,Y,0,
BEN,SH,1,3,5,0,6,0,0,1,Y,1,
BEN,SH,1,3,6,0,0,0,0,0,N,0,
BEN,SH,1,3,7,0,7,0,0,1,Y,1,
BEN,SH,1,3,8,11,0,0,0,1,Y,0,
BEN,SH,1,4,1,0,0,0,0,0,N,0,
BEN,SH,1,4,2,0,0,0,0,0,N,0,
BEN,SH,1,4,3,0,8,0,0,1,Y,0,
BEN,SH,1,4,4,0,21,0,0,1,Y,0,
BEN,SH,1,4,5,0,0,0,0,0,N,0,
BEN,SH,1,4,6,0,0,0,0,0,N,0,
BEN,SH,1,4,7,9,0,0,0,1,Y,0,
BEN,SH,1,4,8,10,0,0,0,1,Y,2,
BEN,SH,1,5,1,0,0,0,0,0,N,0,
BEN,SH,1,5,2,0,0,0,0,0,N,0,
BEN,SH,1,5,3,2,0,0,1,1,Y,0,
BEN,SH,1,5,4,0,0,0,0,1,Y,0,
BEN,SH,1,5,5,0,0,0,0,0,N,0,
BEN,SH,1,5,6,0,0,0,0,0,N,0,
BEN,SH,1,5,7,0,0,0,0,0,N,0,
BEN,SH,1,5,8,0,0,0,0,0,N,0,
BEN,SH,1,6,1,0,0,0,0,0,N,0,
BEN,SH,1,6,2,0,0,0,0,0,N,0,
BEN,SH,1,6,3,0,1,1,1,1,Y,0,
BEN,SH,1,6,4,0,0,0,0,0,N,0,
BEN,SH,1,6,5,0,0,0,0,0,N,0,
BEN,SH,1,6,6,0,0,0,0,0,N,0,
BEN,SH,1,6,7,0,10,0,1,1,Y,1,
BEN,SH,1,6,8,0,1,0,0,1,Y,1,
BEN,SH,1,7,1,0,1,0,0,1,Y,0,
BEN,SH,1,7,2,0,0,0,0,0,N,0,
BEN,SH,1,7,3,0,14,0,0,1,Y,0,
BEN,SH,1,7,4,1,0,0,0,1,Y,0,
BEN,SH,1,7,5,0,0,0,0,0,N,0,
BEN,SH,1,7,6,0,0,0,0,0,N,0,
BEN,SH,1,7,7,4,0,0,0,1,Y,0,
BEN,SH,1,7,8,0,22,0,0,1,Y,0,
BEN,SH,1,8,1,0,3,0,1,1,Y,1,
BEN,SH,1,8,2,1,0,0,0,1,Y,2,
BEN,SH,1,8,3,0,0,0,0,1,Y,0,
BEN,SH,1,8,4,0,0,0,0,0,N,2,
BEN,SH,1,8,5,0,1,0,1,1,Y,1,
BEN,SH,1,8,6,0,0,0,0,0,N,0,
BEN,SH,1,8,7,0,0,0,0,0,N,0,
BEN,SH,1,8,8,0,0,0,0,1,Y,0,
BEN,SH,1,9,1,0,0,0,0,0,N,0,
BEN,SH,1,9,2,0,0,0,0,1,Y,0,
BEN,SH,1,9,3,0,2,0,0,1,Y,1,
BEN,SH,1,9,4,8,0,2,0,1,Y,2,
BEN,SH,1,9,5,0,27,0,1,1,Y,1,
BEN,SH,1,9,6,1,0,0,1,1,Y,2,
BEN,SH,1,9,7,0,0,0,0,1,Y,0,
BEN,SH,1,9,8,0,0,0,0,0,N,0,
BEN,SH,1,10,1,0,0,0,0,0,N,0,
BEN,SH,1,10,2,0,0,0,0,0,N,0,
BEN,SH,1,10,3,0,1,0,0,1,Y,1,
BEN,SH,1,10,4,4,0,0,0,1,Y,1,
BEN,SH,1,10,5,19,0,0,1,1,Y,0,
BEN,SH,1,10,6,0,3,0,0,1,Y,0,
BEN,SH,1,10,7,0,0,0,0,0,N,0,
BEN,SH,1,10,8,0,0,0,0,0,N,0,
BEN,SH,2,1,1,0,0,0,0,,Y,0,
BEN,SH,2,1,2,0,1,0,0,1,Y,1,
BEN,SH,2,1,3,0,0,0,0,0,N,0,
BEN,SH,2,1,4,1,0,1,1,2,Y,0,
BEN,SH,2,1,5,0,2,0,0,1,Y,1,
BEN,SH,2,1,6,1,0,0,0,1,Y,0,
BEN,SH,2,1,7,7,0,1,0,1,Y,2,
BEN,SH,2,1,8,0,1,0,0,1,Y,1,
BEN,SH,2,2,1,0,0,0,0,1,Y,1,
BEN,SH,2,2,2,6,0,5,1,1,Y,0,
BEN,SH,2,2,3,0,0,0,0,1,Y,0,
BEN,SH,2,2,4,0,0,0,0,1,Y,0,
BEN,SH,2,2,5,0,4,0,0,1,Y,0,
BEN,SH,2,2,6,11,0,0,0,1,Y,0,
BEN,SH,2,2,7,0,59,0,0,2,Y,0,
BEN,SH,2,2,8,0,1,0,0,1,Y,0,
BEN,SH,2,3,1,0,0,0,1,2,Y,0,
BEN,SH,2,3,2,9,0,1,0,1,Y,0,
BEN,SH,2,3,3,0,4,3,0,1,Y,0,
BEN,SH,2,3,4,0,0,0,0,1,Y,0,
BEN,SH,2,3,5,0,0,0,0,0,N,0,
BEN,SH,2,3,6,0,3,2,0,1,Y,0,
BEN,SH,2,3,7,2,0,0,0,1,Y,0,
BEN,SH,2,3,8,0,4,0,2,1,Y,1,
BEN,SH,2,4,1,0,27,0,0,1,Y,1,
BEN,SH,2,4,2,0,0,0,0,1,Y,0,
BEN,SH,2,4,3,0,0,3,0,1,Y,0,
BEN,SH,2,4,4,1,0,0,0,1,Y,0,
BEN,SH,2,4,5,13,0,4,0,1,Y,2,
BEN,SH,2,4,6,12,0,1,0,1,Y,0,
BEN,SH,2,4,7,0,13,0,0,1,Y,0,
BEN,SH,2,4,8,0,0,2,0,1,Y,0,
BEN,SH,2,5,1,0,11,3,0,1,Y,0,
BEN,SH,2,5,2,0,0,0,0,0,N,0,
BEN,SH,2,5,3,3,0,0,1,1,Y,0,SPREADOUT
BEN,SH,2,5,4,3,0,1,0,1,Y,0,
BEN,SH,2,5,5,0,1,0,0,1,Y,0,
BEN,SH,2,5,6,0,26,1,0,1,Y,0,
BEN,SH,2,5,7,2,0,0,2,1,Y,0,
BEN,SH,2,5,8,0,0,2,0,1,Y,1,
BEN,SH,2,6,1,0,0,0,0,0,N,0,
BEN,SH,2,6,2,0,0,0,0,0,N,0,
BEN,SH,2,6,3,0,0,0,0,0,N,0,
BEN,SH,2,6,4,0,0,0,0,0,N,0,
BEN,SH,2,6,5,0,0,0,0,1,Y,0,
BEN,SH,2,6,6,0,9,0,0,1,Y,1,
BEN,SH,2,6,7,2,0,0,0,2,Y,0,
BEN,SH,2,6,8,0,0,0,0,0,N,0,
BEN,SH,2,7,1,0,0,0,0,0,N,0,
BEN,SH,2,7,2,1,0,0,1,1,Y,2,
BEN,SH,2,7,3,0,0,0,0,0,N,0,
BEN,SH,2,7,4,0,0,0,0,0,N,0,
BEN,SH,2,7,5,0,0,0,0,1,Y,0,
BEN,SH,2,7,6,0,0,0,0,0,N,0,
BEN,SH,2,7,7,0,0,0,0,0,N,0,
BEN,SH,2,7,8,0,0,0,0,0,N,0,
BEN,SH,2,8,1,1,0,3,0,1,Y,2,
BEN,SH,2,8,2,0,3,3,0,1,Y,0,
BEN,SH,2,8,3,0,0,0,0,0,N,0,
BEN,SH,2,8,4,0,11,1,0,1,Y,0,CHECK BIANCA AND NAT SHEETS 2 ENTREES TO CELL
BEN,SH,2,8,5,0,0,0,0,0,N,0,
BEN,SH,2,8,6,0,0,0,0,0,N,0,
BEN,SH,2,8,7,0,0,0,0,0,N,0,
BEN,SH,2,8,8,13,0,0,0,1,Y,0,
BEN,SH,2,9,1,2,0,0,1,1,Y,0,
BEN,SH,2,9,2,0,0,0,0,0,N,0,
BEN,SH,2,9,3,0,17,0,0,1,Y,1,
BEN,SH,2,9,4,0,0,0,1,1,Y,0,
BEN,SH,2,9,5,0,0,0,0,1,Y,0,
BEN,SH,2,9,6,1,0,0,0,1,Y,2,
BEN,SH,2,9,7,0,15,0,0,1,Y,0,
BEN,SH,2,9,8,0,6,1,0,1,Y,1,
BEN,SH,2,10,1,0,24,0,0,1,Y,0,
BEN,SH,2,10,2,0,0,0,0,1,Y,0,
BEN,SH,2,10,3,1,0,0,0,1,Y,0,
BEN,SH,2,10,4,0,0,0,0,0,N,0,
BEN,SH,2,10,5,0,0,0,0,0,N,0,
BEN,SH,2,10,6,0,2,0,0,1,Y,0,
BEN,SH,2,10,7,0,0,0,0,0,N,0,
BEN,SH,2,10,8,2,0,0,0,1,Y,0,
BEN,SH,3,1,1,0,0,0,0,,Y,0,
BEN,SH,3,1,2,0,10,0,0,1,Y,0,
BEN,SH,3,1,3,5,0,2,0,1,Y,0,
BEN,SH,3,1,4,0,10,0,0,1,Y,1,
BEN,SH,3,1,5,0,0,0,0,0,N,0,
BEN,SH,3,1,6,3,0,0,0,1,Y,0,
BEN,SH,3,1,7,0,1,0,0,1,Y,0,
BEN,SH,3,1,8,0,0,0,0,0,N,0,
BEN,SH,3,2,1,0,0,0,0,0,N,0,
BEN,SH,3,2,2,0,1,0,0,1,Y,1,
BEN,SH,3,2,3,0,0,0,0,0,N,0,
BEN,SH,3,2,4,0,0,0,0,0,N,0,
BEN,SH,3,2,5,3,0,0,0,1,Y,0,
BEN,SH,3,2,6,0,0,0,0,0,N,0,
BEN,SH,3,2,7,0,0,0,0,0,N,0,
BEN,SH,3,2,8,0,0,0,0,0,N,0,
BEN,SH,3,3,1,0,0,0,0,,Y,0,
BEN,SH,3,3,2,0,1,0,0,1,Y,0,
BEN,SH,3,3,3,0,0,0,0,,Y,0,
BEN,SH,3,3,4,0,1,0,0,1,Y,1,
BEN,SH,3,3,5,0,1,0,0,1,Y,1,
BEN,SH,3,3,6,0,0,0,0,,Y,0,
BEN,SH,3,3,7,1,0,0,0,1,Y,0,
BEN,SH,3,3,8,5,0,0,1,2,Y,0,
BEN,SH,3,4,1,0,0,0,0,0,N,0,
BEN,SH,3,4,2,1,0,0,6,1,Y,0,
BEN,SH,3,4,3,1,0,4,0,1,Y,0,
BEN,SH,3,4,4,0,2,0,0,1,Y,0,
BEN,SH,3,4,5,2,0,0,0,1,Y,0,
BEN,SH,3,4,6,0,0,0,0,1,Y,0,
BEN,SH,3,4,7,1,0,0,1,1,Y,0,
BEN,SH,3,4,8,0,6,0,2,1,Y,0,
BEN,SH,3,5,1,2,0,0,0,1,Y,0,
BEN,SH,3,5,2,0,0,0,0,1,Y,0,
BEN,SH,3,5,3,0,0,0,0,0,N,0,
BEN,SH,3,5,4,0,1,0,0,1,Y,1,
BEN,SH,3,5,5,0,1,0,0,1,Y,0,
BEN,SH,3,5,6,0,0,0,0,0,N,0,
BEN,SH,3,5,7,8,0,0,0,1,Y,0,
BEN,SH,3,5,8,0,3,0,0,1,Y,1,
BEN,SH,3,6,1,0,2,0,0,1,Y,0,
BEN,SH,3,6,2,0,0,0,0,0,N,0,
BEN,SH,3,6,3,6,0,0,0,1,Y,0,
BEN,SH,3,6,4,1,0,0,0,1,Y,0,
BEN,SH,3,6,5,0,1,0,0,1,Y,0,
BEN,SH,3,6,6,0,0,0,0,1,Y,0,
BEN,SH,3,6,7,0,0,0,0,1,Y,2,
BEN,SH,3,6,8,0,3,0,0,1,Y,1,
BEN,SH,3,7,1,0,0,0,0,0,N,0,
BEN,SH,3,7,2,3,0,0,0,1,Y,2,
BEN,SH,3,7,3,0,1,1,1,1,Y,1,
BEN,SH,3,7,4,0,0,0,0,1,Y,0,
BEN,SH,3,7,5,0,0,0,0,0,N,0,
BEN,SH,3,7,6,0,0,0,0,0,N,0,
BEN,SH,3,7,7,0,0,0,0,0,N,0,
BEN,SH,3,7,8,0,0,0,0,1,Y,1,
BEN,SH,3,8,1,0,1,0,0,1,Y,0,
BEN,SH,3,8,2,0,0,0,0,0,N,0,
BEN,SH,3,8,3,0,0,0,0,1,Y,0,
BEN,SH,3,8,4,0,0,0,0,0,N,0,
BEN,SH,3,8,5,0,0,0,0,0,N,0,
BEN,SH,3,8,6,0,0,0,0,0,N,0,
BEN,SH,3,8,7,0,0,0,0,0,N,0,
BEN,SH,3,8,8,0,8,0,0,1,Y,1,
BEN,SH,3,9,1,0,0,0,0,1,Y,0,
BEN,SH,3,9,2,0,0,0,0,0,N,0,
BEN,SH,3,9,3,0,0,0,0,0,N,0,
BEN,SH,3,9,4,0,0,0,0,0,N,0,
BEN,SH,3,9,5,0,0,0,0,0,N,0,
BEN,SH,3,9,6,0,0,0,0,0,N,0,
BEN,SH,3,9,7,0,0,0,0,0,N,0,
BEN,SH,3,9,8,0,0,0,0,0,N,0,
BEN,SH,3,10,1,0,2,0,2,1,Y,0,
BEN,SH,3,10,2,0,0,0,0,0,N,0,
BEN,SH,3,10,3,0,0,0,0,0,N,0,
BEN,SH,3,10,4,0,0,0,0,1,Y,1,
BEN,SH,3,10,5,0,4,1,0,1,Y,0,
BEN,SH,3,10,6,0,0,0,0,0,N,0,
BEN,SH,3,10,7,0,0,0,0,0,N,0,
BEN,SH,3,10,8,0,0,0,0,1,Y,0,
BEN,SUN,2,1,1,0,0,0,0,0,N,0,
BEN,SUN,2,1,2,0,0,0,0,0,N,0,
BEN,SUN,2,1,3,0,0,0,0,0,N,0,
BEN,SUN,2,1,4,0,0,0,0,0,N,0,
BEN,SUN,2,1,5,0,0,0,0,0,N,0,
BEN,SUN,2,1,6,0,0,0,0,0,N,0,
BEN,SUN,2,1,7,0,0,0,0,0,N,0,
BEN,SUN,2,1,8,0,0,0,0,0,N,0,
BEN,SUN,2,2,1,0,0,0,0,0,N,0,
BEN,SUN,2,2,2,0,0,0,0,0,N,0,
BEN,SUN,2,2,3,0,0,0,0,0,N,0,
BEN,SUN,2,2,4,0,0,0,0,0,N,0,
BEN,SUN,2,2,5,0,0,0,0,0,N,0,
BEN,SUN,2,2,6,2,0,5,0,1,Y,2,
BEN,SUN,2,2,7,0,1,4,0,1,Y,1,
BEN,SUN,2,2,8,0,0,0,0,0,N,0,
BEN,SUN,2,3,1,0,0,0,0,0,N,0,
BEN,SUN,2,3,2,0,0,0,0,0,N,0,
BEN,SUN,2,3,3,0,0,0,0,0,N,0,
BEN,SUN,2,3,4,0,0,0,0,0,N,0,
BEN,SUN,2,3,5,0,0,0,0,0,N,0,
BEN,SUN,2,3,6,0,0,0,0,0,N,0,
BEN,SUN,2,3,7,0,0,0,0,0,N,0,
BEN,SUN,2,3,8,0,0,0,0,0,N,0,
BEN,SUN,2,4,1,0,0,0,0,0,N,0,
BEN,SUN,2,4,2,0,2,0,6,1,Y,0,
BEN,SUN,2,4,3,0,0,0,0,0,N,0,
BEN,SUN,2,4,4,0,2,1,0,1,Y,0,
BEN,SUN,2,4,5,0,0,0,0,0,N,0,
BEN,SUN,2,4,6,0,0,0,0,0,N,0,
BEN,SUN,2,4,7,0,0,0,0,0,N,0,
BEN,SUN,2,4,8,0,0,0,0,0,N,0,
BEN,SUN,2,5,1,0,0,0,0,0,N,0,
BEN,SUN,2,5,2,0,0,0,0,0,N,0,
BEN,SUN,2,5,3,0,0,0,0,0,N,0,
BEN,SUN,2,5,4,2,0,0,11,1,Y,0,
BEN,SUN,2,5,5,0,0,0,0,0,N,0,
BEN,SUN,2,5,6,0,0,0,0,0,N,0,
BEN,SUN,2,5,7,0,0,0,0,0,N,0,
BEN,SUN,2,5,8,0,1,0,0,1,Y,0,
BEN,SUN,2,6,1,2,0,2,0,1,Y,2,
BEN,SUN,2,6,2,1,0,1,0,1,Y,0,
BEN,SUN,2,6,3,0,0,0,0,0,N,0,
BEN,SUN,2,6,4,0,0,0,0,1,Y,0,
BEN,SUN,2,6,5,0,0,0,0,0,N,0,
BEN,SUN,2,6,6,0,0,0,0,0,N,0,
BEN,SUN,2,6,7,0,0,0,0,0,N,0,
BEN,SUN,2,6,8,0,0,0,0,0,N,0,
BEN,SUN,2,7,1,0,0,0,0,1,Y,0,
BEN,SUN,2,7,2,0,0,0,0,0,N,0,
BEN,SUN,2,7,3,0,0,0,0,0,N,0,
BEN,SUN,2,7,4,0,0,0,0,0,N,0,
BEN,SUN,2,7,5,0,0,0,0,0,N,0,
BEN,SUN,2,7,6,0,0,0,0,0,N,0,
BEN,SUN,2,7,7,0,0,0,0,0,N,0,
BEN,SUN,2,7,8,0,0,0,0,0,N,0,
BEN,SUN,2,8,1,0,0,0,0,1,Y,0,
BEN,SUN,2,8,2,0,0,0,0,0,N,0,
BEN,SUN,2,8,3,0,0,0,0,0,N,0,
BEN,SUN,2,8,4,0,0,0,0,0,N,0,
BEN,SUN,2,8,5,0,0,0,0,0,N,0,
BEN,SUN,2,8,6,0,0,0,0,0,N,0,
BEN,SUN,2,8,7,0,0,0,0,0,N,0,
BEN,SUN,2,8,8,0,0,0,0,0,N,0,
BEN,SUN,2,9,1,0,15,4,0,1,Y,0,
BEN,SUN,2,9,2,1,0,2,0,1,Y,0,
BEN,SUN,2,9,3,0,0,0,0,0,N,0,
BEN,SUN,2,9,4,0,0,0,0,0,N,0,
BEN,SUN,2,9,5,0,0,0,0,0,N,0,
BEN,SUN,2,9,6,0,0,0,0,0,N,0,
BEN,SUN,2,9,7,0,0,0,0,0,N,0,
BEN,SUN,2,9,8,0,0,0,0,0,N,0,
BEN,SUN,2,10,1,0,0,1,2,1,Y,0,
BEN,SUN,2,10,2,0,0,0,0,0,N,0,
BEN,SUN,2,10,3,0,0,0,0,0,N,0,
BEN,SUN,2,10,4,0,0,0,0,0,N,0,
BEN,SUN,2,10,5,0,0,0,0,0,N,0,
BEN,SUN,2,10,6,0,0,0,0,0,N,0,
BEN,SUN,2,10,7,0,0,0,0,0,N,0,
BEN,SUN,2,10,8,0,0,0,0,0,N,0,
BEN,SUN,3,1,1,19,0,0,0,4,Y,0,
BEN,SUN,3,1,2,3,0,2,1,1,Y,0,
BEN,SUN,3,1,3,0,0,1,1,1,Y,0,
BEN,SUN,3,1,4,0,25,1,0,1,Y,0,
BEN,SUN,3,1,5,0,0,0,0,0,N,0,
BEN,SUN,3,1,6,0,7,3,1,,Y,0,
BEN,SUN,3,1,7,6,0,2,2,1,Y,0,
BEN,SUN,3,1,8,0,1,3,2,1,Y,0,
BEN,SUN,3,2,1,0,5,0,0,2,Y,0,
BEN,SUN,3,2,2,2,0,3,1,1,Y,0,
BEN,SUN,3,2,3,18,0,4,1,3,Y,0,
BEN,SUN,3,2,4,0,0,1,3,1,Y,0,
BEN,SUN,3,2,5,0,7,4,2,1,Y,1,
BEN,SUN,3,2,6,0,2,0,0,1,Y,0,
BEN,SUN,3,2,7,0,0,0,0,0,N,0,
BEN,SUN,3,2,8,0,7,1,1,1,Y,1,
BEN,SUN,3,3,1,0,3,6,1,2,Y,0,
BEN,SUN,3,3,2,0,17,1,4,1,Y,0,
BEN,SUN,3,3,3,0,0,0,1,1,Y,0,
BEN,SUN,3,3,4,1,0,2,1,1,Y,0,
BEN,SUN,3,3,5,6,0,6,0,,Y,0,
BEN,SUN,3,3,6,4,0,4,0,1,Y,0,
BEN,SUN,3,3,7,0,0,0,0,0,N,0,
BEN,SUN,3,3,8,0,0,0,3,1,Y,0,
BEN,SUN,3,4,1,7,0,8,0,1,Y,0,
BEN,SUN,3,4,2,21,0,6,0,1,Y,0,
BEN,SUN,3,4,3,0,0,6,0,1,Y,1,
BEN,SUN,3,4,4,0,0,1,0,3,Y,0,
BEN,SUN,3,4,5,0,0,0,0,0,N,0,
BEN,SUN,3,4,6,4,0,1,2,1,Y,2,
BEN,SUN,3,4,7,0,0,1,1,1,Y,0,
BEN,SUN,3,4,8,0,0,0,0,0,N,0,
BEN,SUN,3,5,1,1,0,1,0,1,Y,0,
BEN,SUN,3,5,2,0,7,3,0,1,Y,0,
BEN,SUN,3,5,3,0,11,2,1,1,Y,0,
BEN,SUN,3,5,4,0,11,10,0,1,Y,0,
BEN,SUN,3,5,5,9,0,8,2,1,Y,0,
BEN,SUN,3,5,6,1,0,2,0,1,Y,0,
BEN,SUN,3,5,7,8,0,5,0,1,Y,0,
BEN,SUN,3,5,8,0,0,1,0,2,Y,0,
BEN,SUN,3,6,1,0,0,7,1,1,Y,0,
BEN,SUN,3,6,2,0,25,2,0,1,Y,0,
BEN,SUN,3,6,3,0,13,2,3,1,Y,0,
BEN,SUN,3,6,4,0,0,0,0,0,N,0,
BEN,SUN,3,6,5,12,0,8,0,1,Y,2,
BEN,SUN,3,6,6,25,0,3,3,1,Y,0,
BEN,SUN,3,6,7,0,0,3,3,1,Y,1,
BEN,SUN,3,6,8,0,6,9,1,1,Y,1,
BEN,SUN,3,7,1,12,0,7,0,2,Y,0,
BEN,SUN,3,7,2,0,0,1,0,1,Y,0,
BEN,SUN,3,7,3,10,0,2,3,1,Y,0,
BEN,SUN,3,7,4,5,0,2,3,1,Y,0,
BEN,SUN,3,7,5,0,0,1,5,1,Y,0,
BEN,SUN,3,7,6,0,21,6,1,1,Y,1,
BEN,SUN,3,7,7,0,12,1,0,1,Y,0,
BEN,SUN,3,7,8,0,8,2,1,1,Y,1,
BEN,SUN,3,8,1,0,0,5,1,1,Y,0,
BEN,SUN,3,8,2,0,5,0,2,1,Y,1,
BEN,SUN,3,8,3,10,0,1,2,1,Y,0,
BEN,SUN,3,8,4,19,0,1,1,1,Y,2,
BEN,SUN,3,8,5,0,3,2,4,1,Y,0,
BEN,SUN,3,8,6,0,47,2,0,1,Y,0,
BEN,SUN,3,8,7,0,0,0,0,0,N,0,
BEN,SUN,3,8,8,16,0,4,3,1,Y,0,
BEN,SUN,3,9,1,3,0,1,0,1,Y,2,
BEN,SUN,3,9,2,0,22,0,1,1,Y,0,
BEN,SUN,3,9,3,0,0,2,1,1,Y,0,
BEN,SUN,3,9,4,0,6,2,1,1,Y,0,
BEN,SUN,3,9,5,14,0,3,0,1,Y,0,
BEN,SUN,3,9,6,3,0,0,0,1,Y,0,
BEN,SUN,3,9,7,0,3,2,0,1,Y,1,
BEN,SUN,3,9,8,0,0,0,0,0,N,0,
BEN,SUN,3,10,1,0,41,1,4,1,Y,0,
BEN,SUN,3,10,2,0,0,0,0,,Y,0,
BEN,SUN,3,10,3,0,40,0,2,1,Y,0,
BEN,SUN,3,10,4,0,0,0,0,1,Y,0,
BEN,SUN,3,10,5,22,0,2,0,2,Y,0,
BEN,SUN,3,10,6,14,0,1,2,1,Y,0,
BEN,SUN,3,10,7,24,0,0,1,1,Y,0,
BEN,SUN,3,10,8,0,3,1,3,1,Y,1,
NAM,SH,2,1,1,0,0,0,0,0,N,0,
NAM,SH,2,1,2,0,0,0,0,0,N,0,
NAM,SH,2,1,3,0,0,0,0,0,N,0,
NAM,SH,2,1,4,0,0,0,0,0,N,0,
NAM,SH,2,1,5,0,0,0,0,0,N,0,
NAM,SH,2,1,6,0,5,0,0,1,Y,0,
NAM,SH,2,1,7,0,0,0,0,0,N,0,
NAM,SH,2,1,8,0,0,0,0,0,N,0,
NAM,SH,2,2,1,0,0,0,0,0,N,0,
NAM,SH,2,2,2,0,0,0,0,0,N,0,
NAM,SH,2,2,3,0,14,0,0,1,Y,0,
NAM,SH,2,2,4,0,0,0,0,0,N,0,
NAM,SH,2,2,5,0,0,0,0,1,Y,2,
NAM,SH,2,2,6,0,10,1,1,1,Y,0,
NAM,SH,2,2,7,9,0,0,0,1,Y,0,
NAM,SH,2,2,8,0,0,0,0,0,N,0,
NAM,SH,2,3,1,0,0,0,0,0,N,0,
NAM,SH,2,3,2,0,0,0,0,0,N,0,
NAM,SH,2,3,3,0,12,1,1,1,Y,1,
NAM,SH,2,3,4,0,0,0,0,0,N,0,
NAM,SH,2,3,5,5,0,0,0,1,Y,0,
NAM,SH,2,3,6,14,0,0,0,1,Y,0,
NAM,SH,2,3,7,0,24,0,0,1,Y,0,
NAM,SH,2,3,8,0,0,0,0,0,N,0,
NAM,SH,2,4,1,0,17,0,0,1,Y,0,
NAM,SH,2,4,2,0,2,0,0,1,Y,0,
NAM,SH,2,4,3,0,0,0,0,0,N,0,
NAM,SH,2,4,4,0,0,0,0,0,N,0,
NAM,SH,2,4,5,12,0,0,0,1,Y,2,
NAM,SH,2,4,6,0,23,0,0,1,Y,0,
NAM,SH,2,4,7,0,0,0,0,0,N,0,
NAM,SH,2,4,8,0,0,0,0,0,N,0,
NAM,SH,2,5,1,0,0,0,0,0,N,0,
NAM,SH,2,5,2,0,0,0,0,1,Y,2,
NAM,SH,2,5,3,5,0,0,0,1,Y,2,
NAM,SH,2,5,4,0,0,0,0,0,N,0,
NAM,SH,2,5,5,0,0,0,0,0,N,0,
NAM,SH,2,5,6,0,0,0,0,0,N,0,
NAM,SH,2,5,7,0,1,0,0,1,Y,0,
NAM,SH,2,5,8,0,0,0,0,1,Y,1,
NAM,SH,2,6,1,0,7,0,0,1,Y,1,
NAM,SH,2,6,2,0,0,0,0,1,Y,0,
NAM,SH,2,6,3,17,0,0,0,1,Y,0,
NAM,SH,2,6,4,0,0,0,0,0,N,0,
NAM,SH,2,6,5,0,0,0,0,0,N,0,
NAM,SH,2,6,6,0,0,0,0,0,N,0,
NAM,SH,2,6,7,0,0,0,0,0,N,0,
NAM,SH,2,6,8,0,0,0,0,1,Y,1,
NAM,SH,2,7,1,11,0,0,0,1,Y,0,
NAM,SH,2,7,2,0,0,0,0,,Y,0,
NAM,SH,2,7,3,0,38,0,0,1,Y,1,
NAM,SH,2,7,4,17,0,0,0,1,Y,2,
NAM,SH,2,7,5,0,0,0,0,,Y,0,
NAM,SH,2,7,6,0,0,0,0,1,Y,0,
NAM,SH,2,7,7,0,0,0,0,,Y,0,
NAM,SH,2,7,8,0,0,0,0,,Y,0,
NAM,SH,2,8,1,0,25,0,0,1,Y,0,
NAM,SH,2,8,2,0,0,0,0,1,Y,0,
NAM,SH,2,8,3,0,28,0,0,1,Y,1,
NAM,SH,2,8,4,17,0,0,0,1,Y,0,
NAM,SH,2,8,5,0,0,0,0,0,N,0,
NAM,SH,2,8,6,0,0,0,0,0,N,0,
NAM,SH,2,8,7,12,0,0,0,1,Y,0,
NAM,SH,2,8,8,5,0,0,0,1,Y,0,
NAM,SH,2,9,1,0,0,0,0,1,Y,0,
NAM,SH,2,9,2,0,0,0,0,0,N,0,
NAM,SH,2,9,3,0,23,0,0,1,Y,0,
NAM,SH,2,9,4,0,0,0,0,0,N,0,
NAM,SH,2,9,5,0,9,0,0,1,Y,0,
NAM,SH,2,9,6,12,0,0,0,1,Y,0,
NAM,SH,2,9,7,6,0,0,0,1,Y,0,
NAM,SH,2,9,8,0,4,0,0,1,Y,1,
NAM,SH,2,10,1,0,0,0,0,0,N,0,
NAM,SH,2,10,2,0,0,0,0,0,N,0,
NAM,SH,2,10,3,0,0,0,0,0,N,0,
NAM,SH,2,10,4,0,0,0,0,1,Y,0,
NAM,SH,2,10,5,6,0,0,0,1,Y,0,MISSING ONE INFLOR
NAM,SH,2,10,6,0,31,0,0,1,Y,0,
NAM,SH,2,10,7,32,0,0,0,1,Y,0,
NAM,SH,2,10,8,0,0,0,0,0,N,0,
NAM,SH,3,1,1,0,9,1,0,1,Y,0,
NAM,SH,3,1,2,0,28,3,0,1,Y,0,
NAM,SH,3,1,3,6,0,0,0,2,Y,0,
NAM,SH,3,1,4,14,0,0,0,1,Y,0,
NAM,SH,3,1,5,9,0,0,0,1,Y,0,
NAM,SH,3,1,6,0,0,0,0,2,Y,0,
NAM,SH,3,1,7,0,0,0,0,0,N,0,
NAM,SH,3,1,8,0,0,3,0,1,Y,0,
NAM,SH,3,2,1,0,27,0,2,1,Y,0,
NAM,SH,3,2,2,0,0,0,0,1,Y,0,
NAM,SH,3,2,3,3,0,1,3,1,Y,2,
NAM,SH,3,2,4,0,0,1,1,1,Y,0,
NAM,SH,3,2,5,19,0,0,2,1,Y,0,
NAM,SH,3,2,6,0,4,0,1,2,Y,0,
NAM,SH,3,2,7,12,0,1,2,1,Y,2,
NAM,SH,3,2,8,0,0,0,0,0,N,0,
NAM,SH,3,3,1,0,0,0,0,0,N,0,
NAM,SH,3,3,2,0,46,0,0,2,Y,0,
NAM,SH,3,3,3,4,0,1,0,2,Y,0,
NAM,SH,3,3,4,0,0,0,0,1,Y,1,
NAM,SH,3,3,5,0,0,3,3,7,Y,0,
NAM,SH,3,3,6,0,28,0,1,1,Y,0,
NAM,SH,3,3,7,4,0,1,7,1,Y,0,
NAM,SH,3,3,8,3,0,0,1,1,Y,2,
NAM,SH,3,4,1,0,0,3,0,1,Y,0,
NAM,SH,3,4,2,0,51,0,1,1,Y,0,
NAM,SH,3,4,3,25,0,0,1,1,Y,0,
NAM,SH,3,4,4,17,0,0,2,2,Y,0,
NAM,SH,3,4,5,0,49,1,2,2,Y,0,
NAM,SH,3,4,6,0,28,0,1,1,Y,0,
NAM,SH,3,4,7,0,0,0,2,1,Y,0,
NAM,SH,3,4,8,0,9,1,0,1,Y,1,
NAM,SH,3,5,1,14,0,2,0,1,Y,0,
NAM,SH,3,5,2,9,0,3,2,1,Y,0,
NAM,SH,3,5,3,0,42,0,3,1,Y,0,
NAM,SH,3,5,4,26,0,1,2,1,Y,0,
NAM,SH,3,5,5,0,14,0,2,1,Y,0,
NAM,SH,3,5,6,0,0,0,0,1,Y,0,
NAM,SH,3,5,7,0,0,0,2,1,Y,0,
NAM,SH,3,5,8,0,6,0,0,1,Y,0,
NAM,SH,3,6,1,25,0,0,0,1,Y,2,
NAM,SH,3,6,2,20,0,0,0,1,Y,0,
NAM,SH,3,6,3,0,0,0,1,1,Y,0,
NAM,SH,3,6,4,0,58,2,2,1,Y,0,
NAM,SH,3,6,5,0,84,1,0,1,Y,0,
NAM,SH,3,6,6,1,0,0,0,1,Y,0,
NAM,SH,3,6,7,0,0,0,0,0,N,0,
NAM,SH,3,6,8,0,4,0,1,1,Y,0,
NAM,SH,3,7,1,4,0,0,0,1,Y,0,
NAM,SH,3,7,2,0,13,1,1,1,Y,1,
NAM,SH,3,7,3,0,37,0,0,1,Y,1,
NAM,SH,3,7,4,22,0,0,1,1,Y,0,
NAM,SH,3,7,5,0,0,0,0,0,N,0,
NAM,SH,3,7,6,23,0,2,1,1,Y,0,
NAM,SH,3,7,7,0,4,0,1,1,Y,0,
NAM,SH,3,7,8,0,0,0,0,1,Y,0,
NAM,SH,3,8,1,4,0,0,6,1,Y,0,
NAM,SH,3,8,2,0,0,0,0,0,N,0,
NAM,SH,3,8,3,0,28,0,0,1,Y,0,
NAM,SH,3,8,4,0,0,0,0,1,Y,0,
NAM,SH,3,8,5,16,0,1,4,1,Y,2,
NAM,SH,3,8,6,0,67,0,1,1,Y,0,
NAM,SH,3,8,7,12,0,0,0,1,Y,0,
NAM,SH,3,8,8,0,0,1,3,1,Y,1,
NAM,SH,3,9,1,0,59,1,1,1,Y,1,
NAM,SH,3,9,2,0,42,0,0,1,Y,1,
NAM,SH,3,9,3,0,0,0,0,1,Y,0,
NAM,SH,3,9,4,0,0,0,0,0,N,0,
NAM,SH,3,9,5,0,44,0,0,1,Y,0,
NAM,SH,3,9,6,16,0,1,1,1,Y,0,
NAM,SH,3,9,7,6,0,0,2,1,Y,0,
NAM,SH,3,9,8,3,0,0,0,1,Y,0,
NAM,SH,3,10,1,3,0,1,4,1,Y,0,
NAM,SH,3,10,2,23,0,0,0,1,Y,0,
NAM,SH,3,10,3,19,0,1,0,1,Y,0,
NAM,SH,3,10,4,0,0,0,0,1,Y,0,
NAM,SH,3,10,5,0,40,0,6,1,Y,0,
NAM,SH,3,10,6,0,0,0,0,0,N,0,
NAM,SH,3,10,7,0,1,0,0,1,Y,0,
NAM,SH,3,10,8,0,22,3,0,1,Y,0,
NAM,SUN,2,1,1,0,0,0,0,0,N,0,
NAM,SUN,2,1,2,0,0,0,2,1,Y,0,
NAM,SUN,2,1,3,0,4,1,2,1,Y,0,
NAM,SUN,2,1,4,11,0,2,0,1,Y,0,
NAM,SUN,2,1,5,11,0,0,0,1,Y,0,
NAM,SUN,2,1,6,12,0,3,1,1,Y,0,
NAM,SUN,2,1,7,0,0,0,0,0,N,0,
NAM,SUN,2,1,8,0,26,0,0,1,Y,0,
NAM,SUN,2,2,1,0,0,1,3,1,Y,0,
NAM,SUN,2,2,2,0,1,6,1,1,Y,0,
NAM,SUN,2,2,3,0,49,1,0,1,Y,1,
NAM,SUN,2,2,4,0,11,0,0,1,Y,0,
NAM,SUN,2,2,5,0,8,0,1,1,Y,0,
NAM,SUN,2,2,6,14,0,0,0,1,Y,0,
NAM,SUN,2,2,7,5,0,0,0,1,Y,0,
NAM,SUN,2,2,8,3,0,0,0,1,Y,2,
NAM,SUN,2,3,1,0,0,0,0,0,N,0,
NAM,SUN,2,3,2,0,43,3,0,1,Y,0,
NAM,SUN,2,3,3,0,0,0,0,1,Y,0,
NAM,SUN,2,3,4,0,0,0,0,0,N,0,
NAM,SUN,2,3,5,0,0,0,0,1,Y,0,
NAM,SUN,2,3,6,8,0,1,0,1,Y,0,
NAM,SUN,2,3,7,0,1,0,0,1,Y,0,
NAM,SUN,2,3,8,0,0,0,0,0,N,0,
NAM,SUN,2,4,1,0,0,0,0,0,N,0,
NAM,SUN,2,4,2,0,0,0,0,0,N,0,
NAM,SUN,2,4,3,0,0,0,0,0,N,0,
NAM,SUN,2,4,4,0,0,0,0,0,N,0,
NAM,SUN,2,4,5,0,0,0,0,0,N,0,
NAM,SUN,2,4,6,11,0,0,1,1,Y,0,
NAM,SUN,2,4,7,0,30,0,0,1,Y,0,
NAM,SUN,2,4,8,0,0,0,0,0,N,0,
NAM,SUN,2,5,1,0,9,0,1,1,Y,0,
NAM,SUN,2,5,2,0,0,0,0,0,N,0,
NAM,SUN,2,5,3,0,13,0,0,1,Y,1,
NAM,SUN,2,5,4,11,0,0,0,1,Y,0,
NAM,SUN,2,5,5,0,0,0,0,0,N,0,
NAM,SUN,2,5,6,1,0,0,0,1,Y,0,
NAM,SUN,2,5,7,0,5,1,1,1,Y,0,
NAM,SUN,2,5,8,0,0,0,0,0,N,0,
NAM,SUN,2,6,1,0,0,0,0,0,N,0,
NAM,SUN,2,6,2,0,0,0,0,0,N,0,
NAM,SUN,2,6,3,10,0,0,0,1,Y,0,
NAM,SUN,2,6,4,0,0,0,0,1,Y,0,
NAM,SUN,2,6,5,0,11,0,0,1,Y,0,
NAM,SUN,2,6,6,0,11,0,0,1,Y,1,
NAM,SUN,2,6,7,0,15,0,0,1,Y,0,
NAM,SUN,2,6,8,0,0,0,0,1,Y,0,
NAM,SUN,2,7,1,6,0,0,0,1,Y,0,
NAM,SUN,2,7,2,0,0,0,0,0,N,0,
NAM,SUN,2,7,3,0,0,0,0,0,N,0,
NAM,SUN,2,7,4,21,0,0,0,1,Y,0,
NAM,SUN,2,7,5,0,14,0,0,1,Y,1,
NAM,SUN,2,7,6,0,11,0,0,1,Y,1,
NAM,SUN,2,7,7,0,5,0,0,1,Y,0,
NAM,SUN,2,7,8,0,0,0,0,0,N,0,
NAM,SUN,2,8,1,0,4,1,0,1,Y,0,
NAM,SUN,2,8,2,0,0,0,0,0,N,0,
NAM,SUN,2,8,3,10,0,0,0,1,Y,0,
NAM,SUN,2,8,4,0,0,0,0,0,N,0,
NAM,SUN,2,8,5,0,11,0,0,1,Y,0,
NAM,SUN,2,8,6,0,0,0,0,0,N,0,
NAM,SUN,2,8,7,0,2,0,0,1,Y,1,
NAM,SUN,2,8,8,0,11,0,0,1,Y,1,
NAM,SUN,2,9,1,0,10,0,0,1,Y,0,
NAM,SUN,2,9,2,0,3,0,0,1,Y,0,
NAM,SUN,2,9,3,0,0,0,0,1,Y,0,
NAM,SUN,2,9,4,0,0,0,0,0,N,0,
NAM,SUN,2,9,5,0,0,0,0,1,Y,2,
NAM,SUN,2,9,6,2,0,0,0,1,Y,2,
NAM,SUN,2,9,7,0,9,0,0,1,Y,0,
NAM,SUN,2,9,8,0,0,0,0,0,N,0,
NAM,SUN,2,10,1,0,0,0,0,0,N,0,
NAM,SUN,2,10,2,0,0,0,0,0,N,0,
NAM,SUN,2,10,3,0,0,1,0,1,Y,0,
NAM,SUN,2,10,4,0,25,0,0,1,Y,1,
NAM,SUN,2,10,5,0,3,0,0,1,Y,1,
NAM,SUN,2,10,6,0,0,0,0,1,Y,0,
NAM,SUN,2,10,7,0,0,0,0,0,N,0,
NAM,SUN,2,10,8,0,0,0,0,0,N,0,
NAM,SUN,3,1,1,10,0,2,0,1,Y,0,
NAM,SUN,3,1,2,0,0,0,0,1,Y,0,
NAM,SUN,3,1,3,0,11,0,2,1,Y,0,
NAM,SUN,3,1,4,0,20,0,0,1,Y,0,
NAM,SUN,3,1,5,11,0,0,0,1,Y,0,
NAM,SUN,3,1,6,0,12,2,0,1,Y,0,
NAM,SUN,3,1,7,6,0,2,0,1,Y,0,
NAM,SUN,3,1,8,0,0,0,0,0,N,0,
NAM,SUN,3,2,1,0,0,0,0,0,N,0,
NAM,SUN,3,2,2,11,0,1,0,1,Y,0,
NAM,SUN,3,2,3,17,0,5,0,1,Y,2,
NAM,SUN,3,2,4,0,0,0,0,1,Y,0,
NAM,SUN,3,2,5,24,0,2,0,4,Y,0,
NAM,SUN,3,2,6,0,26,4,0,1,Y,1,
NAM,SUN,3,2,7,0,1,0,0,1,Y,0,
NAM,SUN,3,2,8,0,12,0,0,1,Y,0,
NAM,SUN,3,3,1,0,0,0,0,0,N,0,
NAM,SUN,3,3,2,0,0,0,0,0,N,0,
NAM,SUN,3,3,3,5,0,1,2,1,Y,2,
NAM,SUN,3,3,4,0,17,0,0,1,Y,0,
NAM,SUN,3,3,5,16,0,0,0,1,Y,0,
NAM,SUN,3,3,6,0,18,4,0,1,Y,0,
NAM,SUN,3,3,7,0,10,0,0,1,Y,0,
NAM,SUN,3,3,8,0,0,0,0,0,N,0,
NAM,SUN,3,4,1,24,0,0,0,1,Y,0,
NAM,SUN,3,4,2,0,0,0,0,0,N,0,
NAM,SUN,3,4,3,2,0,4,0,1,Y,0,
NAM,SUN,3,4,4,0,10,1,0,1,Y,1,
NAM,SUN,3,4,5,0,0,0,0,0,N,0,
NAM,SUN,3,4,6,0,7,2,1,1,Y,0,
NAM,SUN,3,4,7,21,0,2,1,1,Y,2,
NAM,SUN,3,4,8,0,17,0,1,1,Y,1,
NAM,SUN,3,5,1,14,0,0,0,2,Y,0,
NAM,SUN,3,5,2,8,0,4,0,1,Y,0,
NAM,SUN,3,5,3,0,0,0,0,0,N,0,
NAM,SUN,3,5,4,0,0,4,0,1,Y,0,
NAM,SUN,3,5,5,5,0,4,0,1,Y,0,
NAM,SUN,3,5,6,0,0,0,0,1,Y,1,
NAM,SUN,3,5,7,0,21,2,0,1,Y,0,
NAM,SUN,3,5,8,0,7,2,1,1,Y,1,
NAM,SUN,3,6,1,0,47,0,0,1,Y,0,
NAM,SUN,3,6,2,0,0,0,0,1,Y,0,
NAM,SUN,3,6,3,11,0,0,0,1,Y,0,
NAM,SUN,3,6,4,0,0,0,0,0,N,0,
NAM,SUN,3,6,5,27,0,0,15,1,Y,0,
NAM,SUN,3,6,6,0,19,1,0,1,Y,1,
NAM,SUN,3,6,7,0,0,0,0,1,Y,2,
NAM,SUN,3,6,8,0,0,0,0,1,Y,0,
NAM,SUN,3,7,1,13,0,0,0,1,Y,2,
NAM,SUN,3,7,2,0,27,0,0,1,Y,0,
NAM,SUN,3,7,3,0,12,0,1,1,Y,0,
NAM,SUN,3,7,4,18,0,0,4,1,Y,0,
NAM,SUN,3,7,5,0,0,0,0,0,N,0,
NAM,SUN,3,7,6,17,0,1,0,1,Y,0,
NAM,SUN,3,7,7,0,18,1,1,1,Y,0,
NAM,SUN,3,7,8,0,0,0,0,1,Y,0,
NAM,SUN,3,8,1,0,0,0,0,0,N,0,
NAM,SUN,3,8,2,0,36,0,0,1,Y,0,
NAM,SUN,3,8,3,23,0,0,0,1,Y,0,
NAM,SUN,3,8,4,0,9,0,0,1,Y,0,CHANGE TO TROR IWR
NAM,SUN,3,8,5,33,0,6,0,1,Y,0,
NAM,SUN,3,8,6,0,0,0,0,1,Y,0,
NAM,SUN,3,8,7,0,1,3,2,1,Y,0,
NAM,SUN,3,8,8,7,0,0,0,1,Y,0,
NAM,SUN,3,9,1,17,0,0,1,1,Y,0,
NAM,SUN,3,9,2,16,0,0,0,1,Y,2,
NAM,SUN,3,9,3,0,32,0,0,1,Y,0,
NAM,SUN,3,9,4,0,16,0,0,1,Y,1,
NAM,SUN,3,9,5,0,0,0,0,1,Y,0,
NAM,SUN,3,9,6,17,0,0,0,1,Y,0,
NAM,SUN,3,9,7,20,0,1,0,1,Y,0,CHECK NUMBER
NAM,SUN,3,9,8,0,20,0,0,1,Y,0,
NAM,SUN,3,10,1,20,0,0,0,1,Y,0,
NAM,SUN,3,10,2,18,0,0,0,1,Y,0,
NAM,SUN,3,10,3,27,0,0,0,1,Y,0,
NAM,SUN,3,10,4,0,27,0,0,1,Y,0,
NAM,SUN,3,10,5,0,0,0,0,0,N,0,
NAM,SUN,3,10,6,0,0,0,0,0,N,0,
NAM,SUN,3,10,7,0,32,0,0,1,Y,0,
NAM,SUN,3,10,8,0,25,0,0,1,Y,0,
NAM,SH,1,1,1,0,0,0,0,0,N,0,
NAM,SH,1,1,2,0,0,0,0,0,N,0,
NAM,SH,1,1,3,0,0,0,0,0,N,0,
NAM,SH,1,1,4,0,10,0,0,1,Y,0,
NAM,SH,1,1,5,3,0,0,0,1,Y,0,
NAM,SH,1,1,6,0,17,0,0,1,Y,0,
NAM,SH,1,1,7,7,0,2,0,1,Y,0,
NAM,SH,1,1,8,0,1,0,0,1,Y,0,
NAM,SH,1,2,1,0,0,0,0,0,N,0,
NAM,SH,1,2,2,0,0,0,0,0,N,0,
NAM,SH,1,2,3,0,0,0,0,0,N,0,
NAM,SH,1,2,4,0,0,0,0,0,N,0,
NAM,SH,1,2,5,0,0,0,0,0,N,0,
NAM,SH,1,2,6,0,0,0,0,0,N,0,
NAM,SH,1,2,7,0,0,0,0,0,N,0,
NAM,SH,1,2,8,0,0,0,0,0,N,0,
NAM,SH,1,3,1,0,0,0,0,0,N,0,
NAM,SH,1,3,2,0,0,0,0,0,N,0,
NAM,SH,1,3,3,0,0,0,0,1,Y,2,
NAM,SH,1,3,4,0,1,0,0,1,Y,0,
NAM,SH,1,3,5,0,0,0,0,0,N,0,
NAM,SH,1,3,6,0,0,0,0,0,N,0,
NAM,SH,1,3,7,0,0,0,0,0,N,0,
NAM,SH,1,3,8,0,0,0,0,0,N,0,
NAM,SH,1,4,1,0,0,0,0,0,N,0,
NAM,SH,1,4,2,0,0,0,0,0,N,0,
NAM,SH,1,4,3,0,0,0,0,0,N,0,
NAM,SH,1,4,4,0,0,0,0,0,N,0,
NAM,SH,1,4,5,0,0,0,0,0,N,0,
NAM,SH,1,4,6,0,4,0,0,1,Y,0,
NAM,SH,1,4,7,0,0,0,0,0,N,0,
NAM,SH,1,4,8,0,0,0,0,0,N,0,
NAM,SH,1,5,1,0,0,0,0,0,N,0,
NAM,SH,1,5,2,0,0,0,0,0,N,0,
NAM,SH,1,5,3,0,0,0,0,0,N,0,
NAM,SH,1,5,4,0,0,0,0,0,N,0,
NAM,SH,1,5,5,0,0,0,0,0,N,0,
NAM,SH,1,5,6,0,0,0,0,0,N,0,
NAM,SH,1,5,7,0,0,0,0,1,Y,0,
NAM,SH,1,5,8,0,0,0,0,0,N,0,
NAM,SH,1,6,1,0,0,0,0,0,N,0,
NAM,SH,1,6,2,0,0,0,0,0,N,0,
NAM,SH,1,6,3,0,0,0,0,0,N,0,
NAM,SH,1,6,4,0,0,0,0,0,N,0,
NAM,SH,1,6,5,0,0,0,0,0,N,0,
NAM,SH,1,6,6,0,0,0,0,0,N,0,
NAM,SH,1,6,7,0,0,0,0,0,N,0,
NAM,SH,1,6,8,0,0,0,0,0,N,0,
NAM,SH,1,7,1,0,0,0,0,0,N,0,
NAM,SH,1,7,2,0,0,0,0,0,N,0,
NAM,SH,1,7,3,0,0,0,0,0,N,0,
NAM,SH,1,7,4,0,0,0,0,0,N,0,
NAM,SH,1,7,5,0,0,0,0,0,N,0,
NAM,SH,1,7,6,0,4,0,0,1,Y,0,
NAM,SH,1,7,7,0,0,0,0,0,N,0,
NAM,SH,1,7,8,0,0,0,0,1,Y,1,
NAM,SH,1,8,1,0,0,0,0,0,N,0,
NAM,SH,1,8,2,0,0,0,0,0,N,0,
NAM,SH,1,8,3,0,0,0,0,0,N,0,
NAM,SH,1,8,4,0,0,0,0,0,N,0,
NAM,SH,1,8,5,0,0,0,0,0,N,0,
NAM,SH,1,8,6,0,0,0,0,0,N,0,
NAM,SH,1,8,7,0,0,0,0,0,N,0,
NAM,SH,1,8,8,0,0,0,0,0,N,0,
NAM,SH,1,9,1,0,0,0,0,0,N,0,
NAM,SH,1,9,2,0,0,0,0,0,N,0,
NAM,SH,1,9,3,0,0,0,0,0,N,0,
NAM,SH,1,9,4,0,0,0,0,0,N,0,
NAM,SH,1,9,5,0,0,0,0,0,N,0,
NAM,SH,1,9,6,0,0,0,0,0,N,0,
NAM,SH,1,9,7,0,0,0,0,0,N,0,
NAM,SH,1,9,8,0,0,0,0,0,N,0,
NAM,SH,1,10,1,0,0,0,0,0,N,0,
NAM,SH,1,10,2,0,0,0,0,0,N,0,
NAM,SH,1,10,3,0,0,0,0,1,Y,2,
NAM,SH,1,10,4,0,0,0,0,0,N,0,
NAM,SH,1,10,5,0,0,0,0,0,N,0,
NAM,SH,1,10,6,0,0,0,0,0,N,0,
NAM,SH,1,10,7,0,0,0,0,0,N,0,
NAM,SH,1,10,8,0,0,0,0,0,N,0,
NAM,SUN,1,1,1,0,5,0,0,1,Y,1,
NAM,SUN,1,1,2,0,0,1,1,1,Y,1,
NAM,SUN,1,1,3,0,1,0,0,1,Y,0,
NAM,SUN,1,1,4,0,1,0,0,1,Y,0,
NAM,SUN,1,1,5,0,0,0,1,1,Y,1,
NAM,SUN,1,1,6,0,8,1,2,1,Y,0,
NAM,SUN,1,1,7,0,0,0,0,0,N,0,
NAM,SUN,1,1,8,3,0,0,2,1,Y,0,
NAM,SUN,1,2,1,0,0,0,0,1,Y,0,
NAM,SUN,1,2,2,0,0,0,0,0,N,0,
NAM,SUN,1,2,3,2,0,2,0,1,Y,0,
NAM,SUN,1,2,4,0,0,0,0,0,N,0,
NAM,SUN,1,2,5,0,7,0,0,1,Y,0,
NAM,SUN,1,2,6,0,0,0,0,1,Y,0,ONE INFLOR BROKEN
NAM,SUN,1,2,7,6,0,0,1,1,Y,0,
NAM,SUN,1,2,8,0,2,0,2,1,Y,0,
NAM,SUN,1,3,1,0,1,0,0,1,Y,0,
NAM,SUN,1,3,2,0,0,0,0,0,N,0,
NAM,SUN,1,3,3,2,0,0,0,1,Y,0,
NAM,SUN,1,3,4,0,4,1,0,1,Y,0,
NAM,SUN,1,3,5,0,7,0,4,1,Y,0,
NAM,SUN,1,3,6,12,0,0,3,1,Y,0,
NAM,SUN,1,3,7,2,0,0,4,1,Y,0,
NAM,SUN,1,3,8,0,0,0,0,0,N,0,
NAM,SUN,1,4,1,0,0,0,0,1,Y,2,
NAM,SUN,1,4,2,0,0,1,0,2,Y,0,
NAM,SUN,1,4,3,0,0,0,0,1,Y,1,
NAM,SUN,1,4,4,0,0,0,0,1,Y,0,
NAM,SUN,1,4,5,0,1,0,0,1,Y,0,
NAM,SUN,1,4,6,0,34,0,2,1,Y,0,
NAM,SUN,1,4,7,2,0,0,0,1,Y,0,
NAM,SUN,1,4,8,0,0,0,0,1,Y,0,
NAM,SUN,1,5,1,15,0,5,0,2,Y,0,
NAM,SUN,1,5,2,0,17,5,0,,Y,0,
NAM,SUN,1,5,3,0,0,0,0,0,N,0,
NAM,SUN,1,5,4,0,10,0,0,1,Y,0,
NAM,SUN,1,5,5,4,0,0,1,1,Y,0,
NAM,SUN,1,5,6,0,1,0,2,1,Y,0,
NAM,SUN,1,5,7,0,0,0,2,1,Y,0,
NAM,SUN,1,5,8,7,0,1,1,6,Y,0,
NAM,SUN,1,6,1,0,0,0,0,0,N,0,
NAM,SUN,1,6,2,7,0,1,1,1,Y,0,
NAM,SUN,1,6,3,0,16,0,1,1,Y,0,
NAM,SUN,1,6,4,2,0,0,0,1,Y,0,
NAM,SUN,1,6,5,17,0,1,3,1,Y,0,
NAM,SUN,1,6,6,0,0,2,2,1,Y,0,
NAM,SUN,1,6,7,0,0,0,0,0,N,0,
NAM,SUN,1,6,8,0,2,0,6,1,Y,0,
NAM,SUN,1,7,1,0,10,5,3,1,Y,1,
NAM,SUN,1,7,2,0,0,0,0,0,N,0,
NAM,SUN,1,7,3,25,0,0,1,1,Y,0,
NAM,SUN,1,7,4,18,0,1,0,1,Y,0,
NAM,SUN,1,7,5,7,0,0,3,1,Y,0,
NAM,SUN,1,7,6,0,0,0,0,1,Y,0,
NAM,SUN,1,7,7,0,8,0,2,1,Y,0,
NAM,SUN,1,7,8,0,0,0,0,0,N,0,
NAM,SUN,1,8,1,0,22,4,1,1,Y,1,
NAM,SUN,1,8,2,17,0,7,1,1,Y,0,
NAM,SUN,1,8,3,0,0,3,5,1,Y,2,
NAM,SUN,1,8,4,24,0,0,8,1,Y,0,
NAM,SUN,1,8,5,0,49,0,2,1,Y,0,
NAM,SUN,1,8,6,0,0,0,2,1,Y,0,
NAM,SUN,1,8,7,0,0,0,0,0,N,0,
NAM,SUN,1,8,8,0,0,0,0,0,N,0,
NAM,SUN,1,9,1,2,0,0,3,1,Y,2,
NAM,SUN,1,9,2,0,0,0,0,0,N,0,
NAM,SUN,1,9,3,0,0,0,0,0,N,0,
NAM,SUN,1,9,4,0,9,1,12,1,Y,1,
NAM,SUN,1,9,5,2,0,0,2,1,Y,0,
NAM,SUN,1,9,6,0,47,1,5,1,Y,0,
NAM,SUN,1,9,7,0,10,17,6,1,Y,0,
NAM,SUN,1,9,8,5,0,0,6,1,Y,2,
NAM,SUN,1,10,1,0,24,0,0,1,Y,1,
NAM,SUN,1,10,2,0,27,0,0,1,Y,0,
NAM,SUN,1,10,3,6,0,0,0,1,Y,2,
NAM,SUN,1,10,4,7,0,4,1,1,Y,0,
NAM,SUN,1,10,5,0,14,0,0,1,Y,0,
NAM,SUN,1,10,6,0,0,0,0,0,N,0,
NAM,SUN,1,10,7,0,0,0,0,0,N,0,
NAM,SUN,1,10,8,1,0,0,0,1,Y,0,
GH,SUN,1,1,1,0,18,1,2,1,Y,0,
GH,SUN,1,1,2,14,0,0,1,1,Y,0,
GH,SUN,1,1,3,0,3,1,0,1,Y,0,
GH,SUN,1,1,4,0,0,0,0,0,N,0,
GH,SUN,1,1,5,0,0,0,0,0,N,0,
GH,SUN,1,1,6,0,0,0,0,0,N,0,
GH,SUN,1,1,7,0,0,0,0,0,N,0,
GH,SUN,1,1,8,0,0,0,0,0,N,0,
GH,SUN,1,2,1,0,0,0,1,1,Y,0,
GH,SUN,1,2,2,0,24,0,0,1,Y,0,
GH,SUN,1,2,3,0,0,0,0,1,Y,0,
GH,SUN,1,2,4,2,0,0,1,1,Y,0,
GH,SUN,1,2,5,0,0,0,0,0,N,0,
GH,SUN,1,2,6,0,0,0,0,0,N,0,
GH,SUN,1,2,7,0,0,0,0,0,N,0,
GH,SUN,1,2,8,0,0,0,0,0,N,0,
GH,SUN,1,3,1,0,12,0,0,1,Y,0,
GH,SUN,1,3,2,10,0,0,2,1,Y,0,
GH,SUN,1,3,3,0,0,0,1,1,Y,0,
GH,SUN,1,3,4,0,1,0,0,1,Y,0,
GH,SUN,1,3,5,0,0,0,0,0,N,0,
GH,SUN,1,3,6,0,0,0,0,0,N,0,
GH,SUN,1,3,7,0,19,0,0,1,Y,0,
GH,SUN,1,3,8,1,0,0,0,1,Y,0,
GH,SUN,1,4,1,17,0,0,1,1,Y,0,
GH,SUN,1,4,2,0,0,0,0,1,Y,0,
GH,SUN,1,4,3,0,6,0,2,1,Y,0,
GH,SUN,1,4,4,0,0,0,0,0,N,0,
GH,SUN,1,4,5,0,0,0,0,0,N,0,
GH,SUN,1,4,6,0,0,0,0,0,N,0,
GH,SUN,1,4,7,0,8,1,0,1,Y,0,
GH,SUN,1,4,8,0,12,0,0,1,Y,0,
GH,SUN,1,5,1,0,10,0,1,1,Y,1,
GH,SUN,1,5,2,0,0,0,0,0,N,0,
GH,SUN,1,5,3,0,0,0,0,0,N,0,
GH,SUN,1,5,4,5,0,0,1,1,Y,0,
GH,SUN,1,5,5,0,8,0,0,1,Y,0,
GH,SUN,1,5,6,0,0,0,0,0,N,0,
GH,SUN,1,5,7,0,0,0,0,0,N,0,
GH,SUN,1,5,8,0,0,0,0,0,N,0,
GH,SUN,1,6,1,0,0,0,0,,Y,0,
GH,SUN,1,6,2,0,10,0,0,1,Y,0,
GH,SUN,1,6,3,0,2,0,3,0,Y,0,
GH,SUN,1,6,4,4,0,0,0,1,Y,0,
GH,SUN,1,6,5,0,0,0,0,,Y,0,
GH,SUN,1,6,6,0,0,0,0,,Y,0,
GH,SUN,1,6,7,0,7,0,0,1,Y,0,
GH,SUN,1,6,8,0,0,0,0,1,Y,0,
GH,SUN,1,7,1,0,0,0,0,,Y,0,
GH,SUN,1,7,2,0,0,0,0,2,Y,0,
GH,SUN,1,7,3,15,0,0,2,1,Y,0,
GH,SUN,1,7,4,0,16,0,0,1,Y,0,
GH,SUN,1,7,5,0,0,0,0,1,Y,0,
GH,SUN,1,7,6,13,0,0,1,1,Y,0,
GH,SUN,1,7,7,9,0,0,2,2,Y,0,
GH,SUN,1,7,8,0,0,0,2,1,Y,0,
GH,SUN,1,8,1,3,0,0,0,1,Y,0,
GH,SUN,1,8,2,0,10,0,0,1,Y,0,
GH,SUN,1,8,3,9,0,0,0,1,Y,0,
GH,SUN,1,8,4,0,0,1,0,1,Y,0,
GH,SUN,1,8,5,3,0,0,0,1,Y,0,
GH,SUN,1,8,6,0,16,0,0,1,Y,0,
GH,SUN,1,8,7,0,22,0,1,1,Y,0,
GH,SUN,1,8,8,0,0,0,0,0,N,0,
GH,SUN,1,9,1,9,0,0,0,1,Y,0,
GH,SUN,1,9,2,0,0,0,0,0,N,0,
GH,SUN,1,9,3,9,0,0,0,1,Y,0,
GH,SUN,1,9,4,0,24,0,0,1,Y,0,
GH,SUN,1,9,5,0,0,0,0,1,Y,0,
GH,SUN,1,9,6,0,4,0,0,1,Y,0,
GH,SUN,1,9,7,8,0,0,1,1,Y,0,
GH,SUN,1,9,8,0,9,1,1,1,Y,0,
GH,SUN,1,10,1,0,20,0,1,1,Y,0,
GH,SUN,1,10,2,0,4,0,0,1,Y,0,
GH,SUN,1,10,3,0,0,0,0,0,N,0,
GH,SUN,1,10,4,0,0,0,0,0,N,0,
GH,SUN,1,10,5,13,0,0,0,1,Y,0,
GH,SUN,1,10,6,0,0,0,0,0,N,0,
GH,SUN,1,10,7,4,0,0,0,1,Y,0,
GH,SUN,1,10,8,0,0,0,0,1,Y,0,
GH,SH,2,1,1,0,0,0,13,1,Y,0,
GH,SH,2,1,2,23,0,0,0,1,Y,0,
GH,SH,2,1,3,0,1,0,0,1,Y,0,
GH,SH,2,1,4,0,5,0,0,1,Y,0,
GH,SH,2,1,5,0,2,1,1,1,Y,1,
GH,SH,2,1,6,7,0,0,0,1,Y,0,
GH,SH,2,1,7,0,0,0,0,2,Y,0,
GH,SH,2,1,8,11,0,0,0,2,Y,0,
GH,SH,2,2,1,0,0,0,2,1,Y,0,
GH,SH,2,2,2,0,0,0,0,1,Y,0,
GH,SH,2,2,3,0,8,0,0,1,Y,0,
GH,SH,2,2,4,0,0,0,0,0,N,0,
GH,SH,2,2,5,9,0,0,0,2,Y,0,
GH,SH,2,2,6,0,7,0,0,1,Y,1,
GH,SH,2,2,7,7,0,0,0,1,Y,0,
GH,SH,2,2,8,0,10,0,0,1,Y,0,
GH,SH,2,3,1,0,17,0,0,1,Y,1,
GH,SH,2,3,2,0,0,0,0,1,Y,1,
GH,SH,2,3,3,0,0,0,1,1,Y,0,
GH,SH,2,3,4,0,0,0,0,1,Y,0,
GH,SH,2,3,5,27,0,1,0,3,Y,0,
GH,SH,2,3,6,0,8,0,0,1,Y,0,
GH,SH,2,3,7,0,2,0,1,1,Y,0,
GH,SH,2,3,8,5,0,0,0,1,Y,1,CHANGE TO TRCY IWR
GH,SH,2,4,1,28,0,0,1,1,Y,0,
GH,SH,2,4,2,0,10,0,1,1,Y,0,
GH,SH,2,4,3,17,0,0,1,1,Y,0,
GH,SH,2,4,4,0,0,0,0,1,Y,0,
GH,SH,2,4,5,0,5,0,1,1,Y,1,
GH,SH,2,4,6,0,0,0,0,0,N,0,
GH,SH,2,4,7,0,0,0,2,1,Y,1,
GH,SH,2,4,8,14,0,0,0,1,Y,0,5 MISSING STEM
GH,SH,2,5,1,0,17,0,0,2,Y,0,
GH,SH,2,5,2,15,0,0,0,1,Y,0,
GH,SH,2,5,3,0,0,0,0,1,Y,0,
GH,SH,2,5,4,9,0,0,1,2,Y,0,
GH,SH,2,5,5,0,0,0,0,0,N,0,
GH,SH,2,5,6,0,3,0,0,1,Y,0,
GH,SH,2,5,7,0,1,0,0,1,Y,0,
GH,SH,2,5,8,5,0,0,0,1,Y,2,
GH,SH,2,6,1,19,0,0,1,3,Y,0,
GH,SH,2,6,2,0,0,0,1,1,Y,0,
GH,SH,2,6,3,0,10,1,10,1,Y,0,
GH,SH,2,6,4,0,0,1,4,1,Y,0,
GH,SH,2,6,5,0,38,0,1,2,Y,0,
GH,SH,2,6,6,7,0,0,2,1,Y,0,
GH,SH,2,6,7,10,0,0,0,2,Y,0,
GH,SH,2,6,8,0,2,0,1,1,Y,0,
GH,SH,2,7,1,29,0,0,4,1,Y,0,
GH,SH,2,7,2,18,0,1,1,1,Y,0,
GH,SH,2,7,3,0,19,0,2,1,Y,0,
GH,SH,2,7,4,0,0,0,2,1,Y,0,
GH,SH,2,7,5,34,0,0,7,1,Y,2,
GH,SH,2,7,6,0,5,0,0,1,Y,0,
GH,SH,2,7,7,0,0,0,0,0,N,0,
GH,SH,2,7,8,0,0,0,2,1,Y,1,
GH,SH,2,8,1,0,28,2,3,1,Y,2,
GH,SH,2,8,2,31,0,0,0,1,Y,0,
GH,SH,2,8,3,11,0,0,1,1,Y,0,
GH,SH,2,8,4,0,0,0,0,1,Y,0,
GH,SH,2,8,5,22,0,3,0,1,Y,0,
GH,SH,2,8,6,0,0,0,0,0,N,1,
GH,SH,2,8,7,0,3,0,0,1,Y,0,
GH,SH,2,8,8,0,0,0,0,0,N,0,
GH,SH,2,9,1,16,0,0,1,1,Y,0,
GH,SH,2,9,2,6,0,0,1,1,Y,0,
GH,SH,2,9,3,0,0,0,0,0,N,0,
GH,SH,2,9,4,0,0,0,0,1,Y,0,
GH,SH,2,9,5,17,0,0,1,1,Y,0,
GH,SH,2,9,6,0,6,0,0,1,Y,0,
GH,SH,2,9,7,0,4,1,2,1,Y,0,
GH,SH,2,9,8,0,19,0,0,1,Y,0,
GH,SH,2,10,1,0,1,1,0,1,Y,0,
GH,SH,2,10,2,2,0,0,1,5,Y,0,
GH,SH,2,10,3,0,0,0,0,0,N,0,
GH,SH,2,10,4,0,0,0,0,0,N,0,
GH,SH,2,10,5,20,0,0,0,2,Y,0,
GH,SH,2,10,6,0,0,0,0,0,N,0,
GH,SH,2,10,7,0,0,0,0,0,N,0,
GH,SH,2,10,8,0,0,0,0,0,N,0,
GH,SUN,3,1,1,0,13,0,0,1,Y,0,
GH,SUN,3,1,2,0,0,0,0,1,Y,0,
GH,SUN,3,1,3,0,0,0,0,0,N,0,
GH,SUN,3,1,4,0,0,0,0,0,N,0,
GH,SUN,3,1,5,5,0,0,4,2,Y,0,
GH,SUN,3,1,6,0,22,0,0,1,Y,0,
GH,SUN,3,1,7,0,0,0,2,1,Y,1,
GH,SUN,3,1,8,8,0,0,0,1,Y,0,
GH,SUN,3,2,1,0,0,0,0,2,Y,0,
GH,SUN,3,2,2,0,1,0,0,1,Y,0,
GH,SUN,3,2,3,0,8,0,0,1,Y,0,
GH,SUN,3,2,4,0,0,0,0,0,N,0,
GH,SUN,3,2,5,0,0,0,0,0,N,0,
GH,SUN,3,2,6,0,8,0,7,1,Y,0,
GH,SUN,3,2,7,7,0,0,7,1,Y,0,
GH,SUN,3,2,8,7,0,2,4,2,Y,0,
GH,SUN,3,3,1,0,15,0,1,1,Y,0,
GH,SUN,3,3,2,0,0,0,0,1,Y,0,
GH,SUN,3,3,3,2,0,0,0,1,Y,0,
GH,SUN,3,3,4,0,0,0,0,0,N,0,
GH,SUN,3,3,5,0,0,0,0,0,N,0,
GH,SUN,3,3,6,0,0,0,0,0,N,0,
GH,SUN,3,3,7,0,0,1,0,1,Y,0,
GH,SUN,3,3,8,0,0,0,0,0,N,0,
GH,SUN,3,4,1,0,0,0,0,0,N,0,
GH,SUN,3,4,2,0,6,0,0,1,Y,0,
GH,SUN,3,4,3,4,0,0,0,1,Y,2,
GH,SUN,3,4,4,0,10,0,3,1,Y,0,
GH,SUN,3,4,5,11,0,0,4,1,Y,0,
GH,SUN,3,4,6,0,5,0,2,1,Y,0,
GH,SUN,3,4,7,1,0,0,4,1,Y,2,
GH,SUN,3,4,8,0,0,0,0,1,Y,0,
GH,SUN,3,5,1,0,0,0,0,1,Y,0,
GH,SUN,3,5,2,0,0,0,0,0,N,0,
GH,SUN,3,5,3,0,4,1,0,1,Y,0,
GH,SUN,3,5,4,8,0,0,0,1,Y,0,
GH,SUN,3,5,5,0,5,1,7,1,Y,0,
GH,SUN,3,5,6,3,0,3,3,1,Y,0,
GH,SUN,3,5,7,0,35,0,3,1,Y,1,
GH,SUN,3,5,8,0,0,0,0,0,N,0,
GH,SUN,3,6,1,0,0,0,4,1,Y,0,
GH,SUN,3,6,2,0,13,1,1,1,Y,0,
GH,SUN,3,6,3,5,0,2,4,1,Y,0,
GH,SUN,3,6,4,1,0,0,1,1,Y,0,
GH,SUN,3,6,5,0,12,9,12,1,Y,0,
GH,SUN,3,6,6,0,3,0,2,1,Y,0,
GH,SUN,3,6,7,2,0,1,2,1,Y,0,
GH,SUN,3,6,8,0,0,0,0,0,N,0,
GH,SUN,3,7,1,0,1,0,4,1,Y,0,
GH,SUN,3,7,2,0,17,0,2,1,Y,1,
GH,SUN,3,7,3,0,0,0,4,1,Y,0,
GH,SUN,3,7,4,0,0,0,0,0,N,0,
GH,SUN,3,7,5,2,0,0,4,1,Y,2,
GH,SUN,3,7,6,4,0,0,2,1,Y,0,
GH,SUN,3,7,7,0,0,0,0,0,N,0,
GH,SUN,3,7,8,0,1,0,0,1,Y,0,
GH,SUN,3,8,1,0,0,0,8,1,Y,1,
GH,SUN,3,8,2,10,0,0,4,1,Y,0,
GH,SUN,3,8,3,0,0,0,4,1,Y,0,
GH,SUN,3,8,4,0,3,0,8,1,Y,0,
GH,SUN,3,8,5,3,0,0,1,1,Y,0,
GH,SUN,3,8,6,0,0,0,0,,Y,0,
GH,SUN,3,8,7,0,0,0,1,1,Y,1,
GH,SUN,3,8,8,0,1,0,2,3,Y,0,
GH,SUN,3,9,1,0,0,0,0,,Y,0,
GH,SUN,3,9,2,0,0,0,0,1,Y,0,
GH,SUN,3,9,3,5,0,0,1,1,Y,0,
GH,SUN,3,9,4,0,0,0,0,0,N,0,
GH,SUN,3,9,5,0,6,0,3,1,Y,1,
GH,SUN,3,9,6,0,0,0,2,1,Y,2,
GH,SUN,3,9,7,2,0,0,1,1,Y,2,
GH,SUN,3,9,8,0,1,0,0,1,Y,0,
GH,SUN,3,10,1,11,0,0,3,2,Y,0,CHANGE TO TRCY IWR
GH,SUN,3,10,2,0,37,0,2,1,Y,0,
GH,SUN,3,10,3,0,0,1,4,1,Y,0,
GH,SUN,3,10,4,4,0,1,4,1,Y,0,
GH,SUN,3,10,5,0,15,0,2,1,Y,1,
GH,SUN,3,10,6,0,0,0,2,1,Y,0,
GH,SUN,3,10,7,0,0,0,0,0,N,0,
GH,SUN,3,10,8,0,0,0,0,0,N,0,
GH,SUN,2,1,1,0,3,0,1,1,Y,0,
GH,SUN,2,1,2,0,0,0,1,1,Y,0,
GH,SUN,2,1,3,0,19,0,0,1,Y,0,
GH,SUN,2,1,4,0,10,1,1,1,Y,0,
GH,SUN,2,1,5,8,0,0,0,1,Y,0,
GH,SUN,2,1,6,15,0,0,1,1,Y,0,
GH,SUN,2,1,7,16,0,5,3,1,Y,0,
GH,SUN,2,1,8,0,0,2,1,1,Y,0,
GH,SUN,2,2,1,8,0,0,0,1,Y,0,
GH,SUN,2,2,2,7,0,4,0,3,Y,0,
GH,SUN,2,2,3,4,0,1,3,2,Y,0,
GH,SUN,2,2,4,0,17,3,0,1,Y,0,
GH,SUN,2,2,5,0,18,1,1,1,Y,0,
GH,SUN,2,2,6,0,0,2,2,1,Y,0,
GH,SUN,2,2,7,0,5,5,1,1,Y,1,
GH,SUN,2,2,8,0,0,3,0,1,Y,2,
GH,SUN,2,3,1,0,0,0,0,0,N,0,
GH,SUN,2,3,2,0,0,0,0,0,N,0,
GH,SUN,2,3,3,12,0,0,0,1,Y,0,
GH,SUN,2,3,4,0,10,1,0,1,Y,0,
GH,SUN,2,3,5,0,8,3,1,1,Y,1,
GH,SUN,2,3,6,10,0,1,0,1,Y,0,
GH,SUN,2,3,7,0,28,4,0,1,Y,1,
GH,SUN,2,3,8,0,0,0,0,0,N,0,
GH,SUN,2,4,1,9,0,0,0,1,Y,0,
GH,SUN,2,4,2,0,7,0,0,1,Y,0,
GH,SUN,2,4,3,0,0,2,2,1,Y,0,
GH,SUN,2,4,4,0,0,0,2,1,Y,0,
GH,SUN,2,4,5,11,0,0,0,1,Y,0,
GH,SUN,2,4,6,0,17,1,0,1,Y,0,
GH,SUN,2,4,7,0,6,6,1,1,Y,0,
GH,SUN,2,4,8,6,0,2,0,3,Y,0,
GH,SUN,2,5,1,0,0,0,0,0,N,0,
GH,SUN,2,5,2,0,0,1,4,1,Y,1,
GH,SUN,2,5,3,0,7,0,5,1,Y,0,
GH,SUN,2,5,4,6,0,1,0,1,Y,0,
GH,SUN,2,5,5,0,38,0,0,1,Y,1,
GH,SUN,2,5,6,0,0,0,0,1,Y,0,
GH,SUN,2,5,7,13,0,2,3,1,Y,0,
GH,SUN,2,5,8,0,0,0,0,0,N,0,
GH,SUN,2,6,1,0,0,0,0,0,N,0,
GH,SUN,2,6,2,0,0,0,0,0,N,0,
GH,SUN,2,6,3,0,0,0,0,0,N,0,
GH,SUN,2,6,4,5,0,3,4,1,Y,0,
GH,SUN,2,6,5,15,0,0,1,2,Y,0,
GH,SUN,2,6,6,0,25,0,1,1,Y,0,
GH,SUN,2,6,7,0,25,1,1,1,Y,0,
GH,SUN,2,6,8,16,0,3,6,1,Y,0,
GH,SUN,2,7,1,0,11,0,6,1,Y,0,
GH,SUN,2,7,2,3,0,0,3,3,Y,0,
GH,SUN,2,7,3,4,0,0,7,1,Y,0,
GH,SUN,2,7,4,0,0,0,0,0,N,0,
GH,SUN,2,7,5,0,0,0,0,0,N,0,
GH,SUN,2,7,6,0,0,1,0,1,Y,0,
GH,SUN,2,7,7,10,0,2,6,1,Y,0,
GH,SUN,2,7,8,0,18,5,5,1,Y,1,
GH,SUN,2,8,1,0,0,0,0,0,N,0,
GH,SUN,2,8,2,0,0,0,0,0,N,0,
GH,SUN,2,8,3,0,10,0,3,1,Y,0,
GH,SUN,2,8,4,0,0,0,0,0,N,0,
GH,SUN,2,8,5,11,0,4,5,1,Y,0,
GH,SUN,2,8,6,0,27,1,1,1,Y,0,
GH,SUN,2,8,7,9,0,0,0,1,Y,0,
GH,SUN,2,8,8,0,3,0,0,2,Y,0,
GH,SUN,2,9,1,0,0,0,0,0,N,0,
GH,SUN,2,9,2,9,0,0,0,1,Y,0,
GH,SUN,2,9,3,0,0,0,0,1,Y,0,
GH,SUN,2,9,4,0,3,0,0,1,Y,0,
GH,SUN,2,9,5,0,0,1,0,1,Y,0,
GH,SUN,2,9,6,0,0,3,0,1,Y,0,
GH,SUN,2,9,7,0,19,0,1,1,Y,0,
GH,SUN,2,9,8,14,0,0,3,1,Y,2,
GH,SUN,2,10,1,0,8,1,0,1,Y,0,
GH,SUN,2,10,2,0,0,0,1,1,Y,0,
GH,SUN,2,10,3,3,0,0,11,2,Y,0,
GH,SUN,2,10,4,0,3,0,2,1,Y,0,
GH,SUN,2,10,5,0,0,0,0,0,N,0,
GH,SUN,2,10,6,0,3,0,0,1,Y,0,
GH,SUN,2,10,7,6,0,0,1,1,Y,0,
GH,SUN,2,10,8,3,0,4,0,1,Y,2,
GH,SH,3,1,1,4,0,0,0,1,Y,0,
GH,SH,3,1,2,0,0,0,0,1,Y,0,
GH,SH,3,1,3,0,19,0,0,1,Y,0,
GH,SH,3,1,4,7,0,0,0,1,Y,0,
GH,SH,3,1,5,0,25,0,0,1,Y,0,
GH,SH,3,1,6,0,7,0,0,1,Y,1,
GH,SH,3,1,7,0,0,0,0,1,Y,0,
GH,SH,3,1,8,0,0,0,0,0,N,0,
GH,SH,3,2,1,0,4,1,0,1,Y,1,
GH,SH,3,2,2,0,0,0,0,0,N,0,
GH,SH,3,2,3,0,33,0,4,1,Y,0,
GH,SH,3,2,4,0,0,0,0,0,N,0,
GH,SH,3,2,5,18,0,1,1,1,Y,0,
GH,SH,3,2,6,0,4,1,1,1,Y,0,
GH,SH,3,2,7,19,0,0,4,1,Y,0,
GH,SH,3,2,8,17,0,0,3,1,Y,0,
GH,SH,3,3,1,0,0,0,0,0,N,0,
GH,SH,3,3,2,0,0,0,0,0,N,0,
GH,SH,3,3,3,0,0,0,0,0,N,0,
GH,SH,3,3,4,0,0,0,0,0,N,0,
GH,SH,3,3,5,7,0,0,0,1,Y,2,
GH,SH,3,3,6,2,0,0,2,1,Y,0,
GH,SH,3,3,7,0,0,0,8,1,Y,0,
GH,SH,3,3,8,9,0,0,0,3,Y,0,
GH,SH,3,4,1,0,0,0,0,0,N,0,
GH,SH,3,4,2,0,0,0,0,0,N,0,
GH,SH,3,4,3,0,4,0,0,1,Y,0,
GH,SH,3,4,4,0,0,0,0,0,N,0,
GH,SH,3,4,5,0,0,0,0,2,Y,1,
GH,SH,3,4,6,0,13,1,0,1,Y,0,
GH,SH,3,4,7,0,0,0,0,0,N,0,
GH,SH,3,4,8,19,0,0,2,1,Y,0,
GH,SH,3,5,1,0,0,0,0,0,N,0,
GH,SH,3,5,2,0,0,0,0,0,N,0,
GH,SH,3,5,3,0,0,0,0,0,N,0,
GH,SH,3,5,4,8,0,0,0,1,Y,2,
GH,SH,3,5,5,0,0,0,0,0,N,0,
GH,SH,3,5,6,0,0,0,0,0,N,0,
GH,SH,3,5,7,12,0,0,3,1,Y,0,
GH,SH,3,5,8,0,13,0,0,1,Y,1,
GH,SH,3,6,1,0,0,0,0,0,N,0,
GH,SH,3,6,2,0,0,0,0,0,N,0,
GH,SH,3,6,3,0,0,0,0,1,Y,1,
GH,SH,3,6,4,0,0,0,0,0,N,0,
GH,SH,3,6,5,0,0,0,0,0,N,0,
GH,SH,3,6,6,0,0,0,0,1,Y,0,
GH,SH,3,6,7,4,0,0,0,1,Y,0,
GH,SH,3,6,8,0,0,0,0,0,N,0,
GH,SH,3,7,1,0,0,0,0,0,N,0,
GH,SH,3,7,2,0,0,0,0,0,N,0,
GH,SH,3,7,3,0,0,0,0,0,N,0,
GH,SH,3,7,4,0,0,0,0,1,Y,0,
GH,SH,3,7,5,0,2,0,0,1,Y,1,
GH,SH,3,7,6,7,0,0,0,1,Y,0,
GH,SH,3,7,7,0,0,0,0,0,N,0,
GH,SH,3,7,8,0,0,0,0,0,N,0,
GH,SH,3,8,1,0,0,0,0,0,N,0,
GH,SH,3,8,2,0,0,0,0,1,Y,2,
GH,SH,3,8,3,0,0,0,0,0,N,0,
GH,SH,3,8,4,0,0,0,0,0,N,0,
GH,SH,3,8,5,0,0,0,0,0,N,0,
GH,SH,3,8,6,0,0,0,0,1,Y,0,
GH,SH,3,8,7,0,0,0,0,0,N,0,
GH,SH,3,8,8,0,0,0,0,0,N,0,
GH,SH,3,9,1,0,0,0,0,0,N,0,
GH,SH,3,9,2,0,0,0,0,0,N,0,
GH,SH,3,9,3,0,0,0,0,0,N,0,
GH,SH,3,9,4,0,0,0,0,0,N,0,
GH,SH,3,9,5,0,0,0,0,0,N,0,
GH,SH,3,9,6,0,0,0,0,0,N,0,
GH,SH,3,9,7,0,0,0,0,0,N,0,
GH,SH,3,9,8,0,0,0,0,0,N,0,
GH,SH,3,10,1,4,0,0,0,1,Y,2,
GH,SH,3,10,2,0,2,0,0,1,Y,1,
GH,SH,3,10,3,0,0,0,0,0,N,0,
GH,SH,3,10,4,0,0,0,0,0,N,0,
GH,SH,3,10,5,0,0,0,0,0,N,0,
GH,SH,3,10,6,0,0,0,0,0,N,0,
GH,SH,3,10,7,0,0,0,0,0,N,0,
GH,SH,3,10,8,0,0,0,0,0,N,0,
GH,SH,1,1,1,0,21,0,0,1,Y,0,
GH,SH,1,1,2,0,4,0,0,1,Y,0,
GH,SH,1,1,3,0,0,0,0,0,N,0,
GH,SH,1,1,4,11,0,0,0,1,Y,0,
GH,SH,1,1,5,0,0,0,0,0,N,0,
GH,SH,1,1,6,19,0,0,0,1,Y,0,
GH,SH,1,1,7,19,0,0,0,1,Y,0,
GH,SH,1,1,8,0,0,0,0,0,N,0,
GH,SH,1,2,1,0,0,0,0,0,N,0,
GH,SH,1,2,2,0,0,0,0,0,N,0,
GH,SH,1,2,3,0,0,0,0,0,N,0,
GH,SH,1,2,4,0,0,0,0,0,N,0,
GH,SH,1,2,5,0,0,0,0,0,N,0,
GH,SH,1,2,6,0,0,0,0,0,N,0,
GH,SH,1,2,7,0,0,0,0,0,N,0,
GH,SH,1,2,8,0,0,0,0,0,N,0,
GH,SH,1,3,1,0,0,0,0,0,N,0,
GH,SH,1,3,2,0,0,0,0,0,N,0,
GH,SH,1,3,3,0,0,0,0,0,N,0,
GH,SH,1,3,4,0,0,0,0,0,N,0,
GH,SH,1,3,5,9,0,0,0,1,Y,0,
GH,SH,1,3,6,0,0,0,0,0,N,0,
GH,SH,1,3,7,0,0,0,0,0,N,0,
GH,SH,1,3,8,0,5,0,0,1,Y,0,
GH,SH,1,4,1,0,0,0,0,0,N,0,
GH,SH,1,4,2,0,0,0,0,0,N,0,
GH,SH,1,4,3,0,12,0,0,1,Y,0,
GH,SH,1,4,4,0,0,0,0,0,N,0,
GH,SH,1,4,5,2,0,0,0,1,Y,0,
GH,SH,1,4,6,0,0,0,0,0,N,0,
GH,SH,1,4,7,0,0,0,0,0,N,0,
GH,SH,1,4,8,0,0,0,0,0,N,0,
GH,SH,1,5,1,0,27,0,1,1,Y,0,
GH,SH,1,5,2,0,0,0,0,0,N,0,
GH,SH,1,5,3,5,0,0,0,1,Y,0,
GH,SH,1,5,4,0,0,0,0,0,N,0,
GH,SH,1,5,5,0,0,0,0,0,N,0,
GH,SH,1,5,6,0,0,0,0,0,N,0,
GH,SH,1,5,7,0,0,0,0,0,N,0,
GH,SH,1,5,8,0,0,0,0,0,N,0,
GH,SH,1,6,1,0,0,0,0,0,N,0,
GH,SH,1,6,2,0,0,0,0,0,N,0,
GH,SH,1,6,3,0,0,0,0,1,Y,2,
GH,SH,1,6,4,0,0,0,0,0,N,0,
GH,SH,1,6,5,0,0,0,0,0,N,0,
GH,SH,1,6,6,0,0,0,0,0,N,0,
GH,SH,1,6,7,0,0,0,0,0,N,0,
GH,SH,1,6,8,0,0,0,0,0,N,0,
GH,SH,1,7,1,0,0,0,0,0,N,0,
GH,SH,1,7,2,0,0,0,0,0,N,0,
GH,SH,1,7,3,5,0,0,0,1,Y,0,
GH,SH,1,7,4,0,0,0,0,0,N,0,
GH,SH,1,7,5,0,0,0,0,0,N,0,
GH,SH,1,7,6,0,0,0,0,0,N,0,
GH,SH,1,7,7,0,0,0,0,0,N,0,
GH,SH,1,7,8,0,0,0,0,0,N,0,
GH,SH,1,8,1,0,0,0,0,0,N,0,
GH,SH,1,8,2,0,0,0,0,0,N,0,
GH,SH,1,8,3,20,0,0,0,1,Y,0,
GH,SH,1,8,4,0,0,0,0,0,N,0,
GH,SH,1,8,5,1,0,0,0,1,Y,0,
GH,SH,1,8,6,0,0,0,0,0,N,0,
GH,SH,1,8,7,0,0,0,0,0,N,0,
GH,SH,1,8,8,0,0,0,0,0,N,0,
GH,SH,1,9,1,0,0,0,0,0,N,0,
GH,SH,1,9,2,0,0,0,0,0,N,0,
GH,SH,1,9,3,0,0,0,0,0,N,0,
GH,SH,1,9,4,0,0,0,0,0,N,0,
GH,SH,1,9,5,0,0,0,0,0,N,0,
GH,SH,1,9,6,0,0,0,0,0,N,0,
GH,SH,1,9,7,0,0,0,0,0,N,0,
GH,SH,1,9,8,10,0,0,0,1,Y,0,
GH,SH,1,10,1,0,0,0,0,0,N,0,
GH,SH,1,10,2,0,0,0,0,0,N,0,
GH,SH,1,10,3,0,0,0,0,0,N,0,
GH,SH,1,10,4,0,0,0,0,0,N,0,
GH,SH,1,10,5,0,0,0,0,1,Y,0,
GH,SH,1,10,6,1,0,0,0,1,Y,2,
GH,SH,1,10,7,0,0,0,0,1,Y,2,
GH,SH,1,10,8,0,23,0,0,1,Y,0,
